date,company,trips,fares,driver_pay,tips,wait_trips,wait_median,wait_p90
2025-09-01,Lyft,161182,4307425.06,3326985.84,200768.21,158963,4.58,9.55
2025-09-01,Uber,367327,10565873.55,8069334.99,397667.13,362348,4.28,9.58
2025-09-02,Lyft,162380,4254723.34,3288954.59,205755.9,158578,4.05,7.9
2025-09-02,Uber,397491,11621075.08,8715770.92,494445.5,390504,3.77,8.15
2025-09-03,Lyft,166242,4288774.23,3381268.38,208636.49,162568,3.9,7.29
2025-09-03,Uber,425285,12398904.8,9090917.59,545342.54,418336,3.59,7.48
2025-09-04,Lyft,177291,4760576.09,3678086.04,232581.52,173408,4.08,7.96
2025-09-04,Uber,467371,14193563.6,10470464.04,619254.44,459612,3.75,7.92
2025-09-05,Lyft,199333,5353984.59,4149346.63,259483.92,195366,4.13,7.99
2025-09-05,Uber,511104,14643266.93,11156189.83,614127.8,502754,3.8,7.95
2025-09-06,Lyft,218047,5559881.48,4301372.11,264889.79,215703,4.17,8.04
2025-09-06,Uber,545673,14556683.03,11399287.11,573427.1,539673,3.86,8.03
2025-09-07,Lyft,186382,4856611.47,3764761.08,232917.57,184153,4.41,8.68
2025-09-07,Uber,463442,12785891.72,9922158.4,491039.18,457275,4.1,8.54
2025-09-08,Lyft,149371,3996220.29,3118260.17,210024.35,145212,3.99,7.97
2025-09-08,Uber,414709,12274220.52,9386534.61,553025.62,406430,3.81,8.2
2025-09-09,Lyft,152126,4104931.63,3181659.66,216554.15,148335,3.95,7.59
2025-09-09,Uber,433324,12983699.64,9749849.09,601289.67,426259,3.74,7.77
2025-09-10,Lyft,170944,4730851.6,3695201.96,254829.0,166661,4.11,8.15
2025-09-10,Uber,476477,15034533.56,11163622.58,696946.56,468439,3.91,8.34
2025-09-11,Lyft,179795,5020750.25,3913904.02,255230.37,175596,4.15,8.16
2025-09-11,Uber,482906,15011616.24,11301083.61,651010.03,474866,3.93,8.38
2025-09-12,Lyft,194379,5401115.82,4188493.99,260377.75,190354,4.41,8.72
2025-09-12,Uber,530269,15724488.93,12430360.56,644656.46,522455,4.19,8.75
2025-09-13,Lyft,220420,5992864.53,4644585.37,275331.38,218070,4.45,8.51
2025-09-13,Uber,572595,15603351.64,12445001.94,588545.95,567733,4.18,8.55
2025-09-14,Lyft,192799,5285022.64,4107142.89,251286.37,190374,4.68,8.82
2025-09-14,Uber,499226,13921718.72,11072205.58,523329.21,493962,4.57,9.26
2025-09-15,Lyft,154905,4180079.97,3239653.46,219213.09,150691,4.03,7.77
2025-09-15,Uber,432850,12662815.73,9732564.71,567846.18,424895,3.89,8.38
2025-09-16,Lyft,161063,4357602.69,3369682.44,233999.23,157090,3.95,7.59
2025-09-16,Uber,440414,13183461.43,9806986.04,619646.44,433069,3.76,7.88
2025-09-17,Lyft,172046,4748581.28,3673736.28,260948.71,167843,3.97,7.69
2025-09-17,Uber,471648,14283349.92,10642034.91,684245.35,463228,3.85,8.07
2025-09-18,Lyft,186501,5319294.08,4142114.34,285603.25,182117,4.2,8.32
2025-09-18,Uber,480610,15546516.57,11673169.5,724684.01,471608,3.99,8.39
2025-09-19,Lyft,207782,5839489.53,4506674.59,289404.39,203493,4.23,8.15
2025-09-19,Uber,519476,15078379.36,11850270.35,646584.51,510803,4.06,8.5
2025-09-20,Lyft,223553,5972508.99,4630254.14,287876.75,221240,4.31,8.16
2025-09-20,Uber,546264,14937422.05,12044138.42,590129.54,541237,4.11,8.4
2025-09-21,Lyft,193662,5266404.07,4082956.25,262076.71,191419,4.5,8.56
2025-09-21,Uber,472626,13358186.36,10630125.94,519519.72,467424,4.38,9.08
2025-09-22,Lyft,165935,4438258.55,3443826.83,217916.18,161928,3.97,7.6
2025-09-22,Uber,379774,11497310.82,8585199.78,517581.33,371954,3.83,8.24
2025-09-23,Lyft,156380,4105345.13,3143948.83,212665.58,152997,3.71,6.89
2025-09-23,Uber,366119,10905679.99,7885979.08,522244.63,359735,3.54,7.41
2025-09-24,Lyft,174663,4610796.14,3531024.46,245854.58,170945,3.81,7.13
2025-09-24,Uber,410666,12769787.87,9102246.31,626059.7,403276,3.65,7.67
2025-09-25,Lyft,196223,5334970.63,4141478.22,289410.71,191617,4.11,8.13
2025-09-25,Uber,478347,15931785.16,11559390.3,754681.72,468867,4.01,8.6
2025-09-26,Lyft,197181,5457860.05,4223279.33,283000.01,192923,4.25,8.42
2025-09-26,Uber,519353,15769268.47,12188943.1,698310.9,509359,4.18,8.89
2025-09-27,Lyft,204286,5198528.73,4161958.12,271537.67,201861,4.28,8.22
2025-09-27,Uber,581519,15859538.94,13022843.76,656073.04,575193,4.25,8.97
2025-09-28,Lyft,174977,4619839.55,3610549.44,241193.45,172626,4.47,8.73
2025-09-28,Uber,496394,13832002.56,11181309.12,548495.44,490262,4.51,9.57
2025-09-29,Lyft,142239,3849682.43,3040744.46,209376.69,138009,3.94,7.88
2025-09-29,Uber,422596,12337195.33,9443252.79,566007.26,414158,3.94,8.65
2025-09-30,Lyft,145514,3953128.24,3118185.82,217742.4,141622,3.86,7.53
2025-09-30,Uber,441185,12964969.05,9757342.21,604699.55,433615,3.87,8.31
2025-10-01,Lyft,161733,4291412.53,3404514.09,225566.56,157954,3.75,7.12
2025-10-01,Uber,440224,12514795.14,9557881.22,623335.64,432577,3.74,7.96
2025-10-02,Lyft,167057,4341164.66,3410089.48,229305.35,163636,3.56,6.46
2025-10-02,Uber,443807,12022474.79,9097900.89,591027.47,436916,3.59,7.59
2025-10-03,Lyft,198018,5190849.09,4133856.04,254386.45,194169,3.87,7.36
2025-10-03,Uber,513598,13811726.89,10984438.07,619943.86,506047,3.9,8.43
2025-10-04,Lyft,223991,5415394.94,4456556.25,268254.12,221865,3.95,7.4
2025-10-04,Uber,548512,13901119.26,11451490.98,593491.54,544167,3.97,8.43
2025-10-05,Lyft,191163,4814673.3,3903412.91,243953.83,189008,4.14,7.9
2025-10-05,Uber,469253,12631888.07,10225446.35,557309.33,464392,4.28,9.35
2025-10-06,Lyft,148367,3922023.16,3146404.46,217335.44,144362,3.82,7.52
2025-10-06,Uber,422950,11779422.97,9346739.88,606428.4,414839,3.88,8.68
2025-10-07,Lyft,151819,3889408.56,3140572.69,223948.44,148128,3.65,6.89
2025-10-07,Uber,440552,11937235.18,9291378.86,641144.52,433437,3.65,7.99
2025-10-08,Lyft,176139,4783893.14,3756331.73,269597.15,171817,3.84,7.62
2025-10-08,Uber,489035,14281404.17,10889418.02,771997.43,480267,3.83,8.51
2025-10-09,Lyft,186633,5289477.84,4187498.29,292309.42,182131,4.14,8.47
2025-10-09,Uber,500595,15811205.74,12296897.78,825272.53,491049,4.04,8.81
2025-10-10,Lyft,213178,5636827.35,4585217.26,300271.77,208992,4.25,8.43
2025-10-10,Uber,535412,15073989.0,12222048.17,740487.53,525659,4.17,9.03
2025-10-11,Lyft,229335,5637406.71,4621668.12,294393.18,226893,4.16,8.11
2025-10-11,Uber,578294,14264689.03,12015446.0,664454.17,572484,4.09,8.7
2025-10-12,Lyft,200112,4836118.18,3852026.73,256455.69,197499,4.19,8.26
2025-10-12,Uber,516570,12454118.99,10267023.36,580128.59,510811,4.23,9.21
2025-10-13,Lyft,153809,3798375.41,2915199.31,214349.15,149906,3.84,7.64
2025-10-13,Uber,437303,10653939.68,8350132.28,536899.49,429926,4.06,9.06
2025-10-14,Lyft,156327,4181330.78,3301948.08,238514.67,152245,3.83,7.91
2025-10-14,Uber,458364,12906225.95,9902474.04,670745.48,450192,3.78,8.38
2025-10-15,Lyft,165273,4436996.05,3501473.63,249833.84,161166,3.8,7.6
2025-10-15,Uber,480591,13791963.85,10457469.53,724828.87,472318,3.76,8.21
2025-10-16,Lyft,188515,5250673.55,4224187.9,288523.7,184047,4.2,8.82
2025-10-16,Uber,513973,15949793.86,12247220.98,813898.14,504686,4.06,8.81
2025-10-17,Lyft,212863,5132512.45,4599232.15,285000.87,208608,4.19,8.35
2025-10-17,Uber,549858,15083698.57,12275119.99,718098.23,540545,4.09,8.9
2025-10-18,Lyft,227097,5542256.46,4685413.16,286033.15,224700,4.16,8.03
2025-10-18,Uber,573170,14428000.36,12209034.72,632055.03,567639,4.05,8.68
2025-10-19,Lyft,195232,4554116.28,4026027.56,253871.52,192726,4.48,8.9
2025-10-19,Uber,498817,13363250.34,11017211.87,575208.57,493230,4.43,9.46
2025-10-20,Lyft,140255,3653823.33,2950739.19,202250.25,136944,4.04,8.06
2025-10-20,Uber,447127,12287592.44,9340471.19,588903.7,439196,3.96,8.84
2025-10-21,Lyft,159222,4141725.61,3381840.92,226764.82,155293,4.01,8.2
2025-10-21,Uber,448290,13013633.34,9995455.48,644967.72,440715,3.93,8.73
2025-10-22,Lyft,171310,4543997.92,3661120.25,248753.73,167018,3.98,8.13
2025-10-22,Uber,476632,14210927.59,10763973.3,710384.6,468193,3.97,8.7
2025-10-23,Lyft,186516,5104602.67,4110538.91,278699.76,182043,4.09,8.35
2025-10-23,Uber,506935,15472197.33,11768670.47,749912.75,497617,4.0,8.78
2025-10-24,Lyft,216558,5604459.01,4642213.08,288030.82,212413,4.27,8.41
2025-10-24,Uber,549674,15150075.34,12103436.5,677655.02,540857,4.1,8.94
2025-10-25,Lyft,237439,5743496.0,4836176.09,289883.87,235033,4.19,7.96
2025-10-25,Uber,592721,15096817.41,12556261.4,633996.3,587598,4.0,8.64
2025-10-26,Lyft,203085,5024181.36,4161808.15,254954.63,200596,4.24,8.0
2025-10-26,Uber,505193,13169071.13,10716148.33,546756.24,499996,4.15,8.98
2025-10-27,Lyft,163579,4188798.63,3373204.3,221296.96,159262,3.96,7.78
2025-10-27,Uber,432616,12155968.85,9292255.74,568507.94,424479,3.81,8.39
2025-10-28,Lyft,171833,4355698.56,3566233.42,232332.7,168046,3.84,7.43
2025-10-28,Uber,447820,12931311.28,9695655.03,621482.32,440246,3.65,7.62
2025-10-29,Lyft,178824,4615020.17,3699895.53,246010.04,174814,3.84,7.43
2025-10-29,Uber,477101,14156406.19,10551472.98,677318.94,468925,3.64,7.67
2025-10-30,Lyft,207692,5594983.74,4369419.2,295007.36,202613,4.59,9.77
2025-10-30,Uber,574283,18220165.65,14008061.1,826040.57,563887,4.46,10.03
2025-10-31,Lyft,255555,6732150.98,5643887.47,321288.49,251297,4.68,9.22
2025-10-31,Uber,600902,17710778.79,13525052.22,696710.22,592003,4.66,10.16
2025-11-01,Lyft,280677,7770033.52,6429500.85,353863.49,278342,4.4,8.31
2025-11-01,Uber,647876,19705600.16,15741347.26,717455.65,642787,4.5,9.67
2025-11-02,Lyft,206514,5339697.89,4307666.88,254613.47,202343,4.67,9.3
2025-11-02,Uber,505630,14717529.05,11886104.18,562141.43,495692,4.5,9.75
2025-11-03,Lyft,165225,4304936.78,3466742.84,228727.63,160579,3.94,7.68
2025-11-03,Uber,430268,12501623.23,9480447.82,580478.87,421338,3.84,8.42
2025-11-04,Lyft,170808,4221236.49,3428717.78,228313.47,166852,3.78,7.08
2025-11-04,Uber,424497,12106519.53,8919930.96,586248.22,416594,3.67,7.88
2025-11-05,Lyft,185857,4822586.38,3899658.71,258609.83,181609,3.83,7.49
2025-11-05,Uber,456182,13841113.93,10243016.46,687758.92,447844,3.68,8.0
2025-11-06,Lyft,202445,5462430.69,4388625.85,288125.71,197983,3.95,7.97
2025-11-06,Uber,499564,15476153.09,11566645.8,739636.51,489886,3.69,7.89
2025-11-07,Lyft,226857,5750739.18,4701416.07,291211.27,222727,3.89,7.49
2025-11-07,Uber,527421,14859803.55,11478633.13,672776.98,518202,3.7,7.86
2025-11-08,Lyft,235164,5673129.61,4702920.3,284339.75,233009,3.93,7.51
2025-11-08,Uber,557470,14436012.92,11690787.03,613469.77,552267,3.75,7.93
2025-11-09,Lyft,193863,4672597.44,3794356.58,249160.13,191726,4.05,7.98
2025-11-09,Uber,500119,13150743.22,10541492.01,550443.25,494673,3.92,8.52
2025-11-10,Lyft,168579,4295289.14,3435783.41,241288.39,164216,3.84,7.53
2025-11-10,Uber,473359,12939714.27,10101474.06,608857.21,464688,3.77,8.44
2025-11-11,Lyft,168574,4215573.31,3343761.21,234765.96,164827,3.74,7.06
2025-11-11,Uber,452168,12489198.12,9444680.04,615762.37,444640,3.7,8.29
2025-11-12,Lyft,177934,4659343.87,3700133.03,255339.99,173661,3.8,7.52
2025-11-12,Uber,473396,14053120.52,10571506.04,681793.75,464673,3.72,8.27
2025-11-13,Lyft,194401,5201977.08,4104355.73,279569.03,190124,3.88,7.65
2025-11-13,Uber,516388,15490921.65,11797363.0,730371.71,506785,3.79,8.41
2025-11-14,Lyft,226860,5715545.93,4605602.71,283598.45,222876,3.92,7.51
2025-11-14,Uber,550458,15079863.81,11928245.6,669570.76,541290,3.81,8.29
2025-11-15,Lyft,251440,5922564.01,4840238.36,291699.09,249222,3.99,7.52
2025-11-15,Uber,587867,14893635.53,12101413.71,617698.2,582644,3.88,8.51
2025-11-16,Lyft,213851,5319816.78,4210684.22,262810.99,211566,4.12,7.78
2025-11-16,Uber,502797,13520715.07,10608863.68,545624.61,497221,4.09,9.29
2025-11-17,Lyft,167768,4295062.01,3395400.23,224915.97,163593,3.84,7.61
2025-11-17,Uber,460660,12716865.79,9637771.32,588578.73,451983,3.85,8.82
2025-11-18,Lyft,172128,4613954.83,3619008.52,248989.09,168139,3.87,7.61
2025-11-18,Uber,464413,13524450.26,9913705.54,653106.95,456057,3.79,8.47
2025-11-19,Lyft,180844,4994742.73,3889872.96,276119.66,176391,4.02,8.16
2025-11-19,Uber,511632,15572372.51,11562617.53,760839.72,501687,3.91,8.96
2025-11-20,Lyft,193855,5415754.78,4258150.15,287342.17,189438,3.97,7.97
2025-11-20,Uber,524598,15942982.24,11929567.8,748572.59,514221,3.82,8.34
2025-11-21,Lyft,214669,5723273.04,4593595.53,282549.19,210412,4.01,7.78
2025-11-21,Uber,566444,15297959.15,12094690.73,663542.41,556604,3.91,8.66
2025-11-22,Lyft,225586,5749304.32,4669954.71,288838.75,222784,3.91,7.28
2025-11-22,Uber,605281,14593136.54,12162040.42,601045.51,598491,3.8,8.2
2025-11-23,Lyft,189075,4861341.04,3913181.97,238851.77,186461,3.99,7.58
2025-11-23,Uber,511432,12257597.49,10132854.84,478526.14,505786,3.95,8.75
2025-11-24,Lyft,164539,4298043.02,3427907.37,211642.04,160369,3.78,7.23
2025-11-24,Uber,427367,11275214.5,8734648.3,464638.72,418937,3.73,8.38
2025-11-25,Lyft,187621,5041754.94,3944699.05,253784.03,182787,4.22,8.68
2025-11-25,Uber,477743,13707544.77,10608571.37,568948.04,467347,4.07,9.23
2025-11-26,Lyft,188639,5067129.03,3971370.57,242947.21,184048,3.85,7.43
2025-11-26,Uber,476635,12578102.49,9810848.65,494187.01,466065,3.88,8.84
2025-11-27,Lyft,193793,5070578.55,4058221.96,259825.86,190392,4.35,8.52
2025-11-27,Uber,467764,11830429.47,9582991.57,490963.35,459671,4.33,9.63
2025-11-28,Lyft,178571,4206831.9,3404387.65,196185.94,176414,3.69,7.05
2025-11-28,Uber,427085,9995599.86,7800514.01,404960.47,421844,3.65,8.04
2025-11-29,Lyft,195020,4724298.12,3897497.4,229702.51,193041,3.53,6.58
2025-11-29,Uber,446557,10995976.05,8671579.64,467568.22,441618,3.41,7.27
2025-11-30,Lyft,188627,4660816.16,3842413.72,224736.12,186359,3.75,7.27
2025-11-30,Uber,435385,11328993.2,8918121.06,455738.74,430177,3.68,8.39
2025-12-01,Lyft,173090,4645526.61,3727528.23,240810.94,168814,3.86,7.89
2025-12-01,Uber,437292,12563851.01,9454262.32,583466.22,428502,3.82,8.92
2025-12-02,Lyft,203388,5232024.17,4169357.72,285982.04,198580,4.03,8.21
2025-12-02,Uber,511991,14723842.64,10708811.29,733171.99,502568,3.96,9.17
2025-12-03,Lyft,188454,5172361.64,4002392.2,283627.87,184332,3.99,8.32
2025-12-03,Uber,495065,15466329.9,11264661.9,777180.4,486041,3.92,8.99
2025-12-04,Lyft,214297,5953387.43,4599023.52,335956.97,209957,4.17,8.63
2025-12-04,Uber,551291,18310619.53,13083328.56,926512.54,540767,4.03,9.16
2025-12-05,Lyft,240702,6289171.69,4981913.87,333250.31,236388,4.31,8.65
2025-12-05,Uber,623744,17374581.2,13463448.55,821204.35,613733,4.19,9.37
2025-12-06,Lyft,242179,6041633.34,4890324.9,321217.29,239590,4.23,7.99
2025-12-06,Uber,631145,16121394.97,13211864.2,734433.8,625485,4.07,9.07
2025-12-07,Lyft,205020,5198639.88,4125748.25,280973.31,202426,4.24,7.99
2025-12-07,Uber,542524,14136554.21,11421582.56,636828.53,535887,4.26,9.75
2025-12-08,Lyft,183232,4332289.73,3643568.8,257575.24,178830,4.16,8.31
2025-12-08,Uber,514406,14511633.55,10937111.6,730530.49,504398,4.16,9.5
2025-12-09,Lyft,184471,4521113.66,3779896.73,279311.7,180394,4.28,8.83
2025-12-09,Uber,532433,16824421.18,12342474.17,875481.2,522812,4.18,9.46
2025-12-10,Lyft,189846,5370054.27,4019643.7,315986.32,185653,4.49,9.48
2025-12-10,Uber,549805,18920097.22,13688262.3,985078.72,538129,4.23,9.55
2025-12-11,Lyft,198792,5655599.94,4224872.82,338559.52,194805,4.47,9.34
2025-12-11,Uber,591805,20571708.21,15134579.22,1042500.83,579912,4.34,9.72
2025-12-12,Lyft,239380,6275257.41,4850189.07,350569.53,235280,4.79,9.6
2025-12-12,Uber,646242,19443827.59,15111827.42,908266.07,634332,4.53,9.94
2025-12-13,Lyft,245242,6176581.96,4922685.89,346715.25,242535,4.69,8.9
2025-12-13,Uber,683844,18737134.84,15510857.09,832234.75,676256,4.5,10.02
2025-12-14,Lyft,190591,5089545.21,3673116.9,294510.3,187611,5.58,10.49
2025-12-14,Uber,605584,16865713.27,13781067.28,737190.57,597198,5.43,11.98
2025-12-15,Lyft,183603,5005921.93,3743407.92,287068.82,178960,4.88,10.07
2025-12-15,Uber,529424,16031843.17,12142277.39,753623.75,516998,4.75,10.9
2025-12-16,Lyft,186629,5018665.65,3835739.72,284025.57,182453,4.66,9.37
2025-12-16,Uber,522016,16189865.46,11963218.26,776156.07,510387,4.44,10.05
2025-12-17,Lyft,191327,5295268.28,4016895.06,295504.28,187132,4.57,9.32
2025-12-17,Uber,521633,17018266.49,12340194.47,817010.08,508851,4.33,9.83
2025-12-18,Lyft,197532,5508506.1,4167344.11,301303.36,193518,4.66,9.59
2025-12-18,Uber,533815,18272157.4,13541111.23,840345.84,520156,4.46,10.04
2025-12-19,Lyft,234332,6004750.82,4642022.03,319529.19,229960,4.86,9.7
2025-12-19,Uber,637375,19061967.66,14886043.73,819402.16,622373,4.68,10.54
2025-12-20,Lyft,233678,5771439.08,4622526.94,314941.17,230765,4.69,9.11
2025-12-20,Uber,588183,16125468.86,13013040.29,703492.36,577907,4.45,10.01
2025-12-21,Lyft,197790,4751270.81,3839150.65,262288.46,195207,4.51,8.66
2025-12-21,Uber,506550,13287886.62,10770347.66,559909.47,497635,4.5,10.36
2025-12-22,Lyft,173512,4332070.47,3425248.93,232505.48,169922,4.21,8.3
2025-12-22,Uber,443964,12098325.21,9428049.71,518556.63,432700,4.22,9.73
2025-12-23,Lyft,178251,4467273.91,3525958.37,239188.41,174778,4.22,8.46
2025-12-23,Uber,461337,12266766.62,9695521.2,508469.21,449217,4.32,10.03
2025-12-24,Lyft,185865,4485492.4,3545280.08,235734.08,183043,4.22,8.26
2025-12-24,Uber,461165,11593104.75,9138489.71,472328.57,451189,4.38,10.14
2025-12-25,Lyft,151974,3593736.76,2819466.15,200097.89,150319,4.22,8.49
2025-12-25,Uber,373454,9270422.73,7114456.72,390930.09,366564,4.67,11.02
2025-12-26,Lyft,175609,3857325.36,3165310.49,187436.11,173800,4.0,7.85
2025-12-26,Uber,368675,8993760.56,6709742.55,376443.11,361845,4.12,9.85
2025-12-27,Lyft,174493,4046519.03,3244896.25,209647.99,173023,4.1,8.45
2025-12-27,Uber,377475,9460853.69,7143057.03,426493.41,371552,4.23,10.17
2025-12-28,Lyft,171464,4034810.34,3291165.26,211506.33,169862,3.9,7.47
2025-12-28,Uber,393043,9874452.57,7786449.57,425598.84,387416,4.15,9.93
2025-12-29,Lyft,174864,4190424.4,3329753.84,218745.32,172314,3.72,6.99
2025-12-29,Uber,386620,9733176.38,7465790.54,434312.48,378940,3.89,9.3
2025-12-30,Lyft,195292,4660129.59,3680521.76,232894.0,192692,3.72,6.96
2025-12-30,Uber,412367,10405010.72,7946390.87,450135.31,404914,3.88,9.28
2025-12-31,Lyft,229811,5271374.15,4231730.46,265439.49,226743,4.38,8.58
2025-12-31,Uber,539461,12830947.1,9909720.53,506812.23,530741,4.41,10.06
2026-01-01,Lyft,208733,5655785.84,4324652.89,266139.57,206935,5.28,11.76
2026-01-01,Uber,521622,14891166.15,11681399.01,547125.98,515863,4.97,11.34
2026-01-02,Lyft,170477,4021218.96,3095602.09,201370.85,168215,3.67,7.07
2026-01-02,Uber,430470,10456570.58,7862865.64,424288.15,424002,3.88,9.22
2026-01-03,Lyft,162930,3943319.22,3012686.27,211409.79,161374,3.5,6.53
2026-01-03,Uber,477332,11298626.23,8899971.54,469956.57,472279,3.76,8.93
2026-01-04,Lyft,144255,3607322.34,2756644.45,189319.1,142533,3.66,6.94
2026-01-04,Uber,427820,10337327.93,8182826.78,403794.42,423242,3.98,9.64
2026-01-05,Lyft,145386,3493740.41,2720516.3,179433.75,141741,3.73,7.71
2026-01-05,Uber,407292,10349157.39,7937513.65,429144.49,399561,3.93,9.53
2026-01-06,Lyft,149740,3538735.03,2772530.46,179088.0,146496,3.61,7.07
2026-01-06,Uber,415353,10434400.26,7974436.72,444838.82,407865,3.78,9.1
2026-01-07,Lyft,154143,3668705.95,2868060.93,188072.53,150802,3.55,6.9
2026-01-07,Uber,426522,11039818.53,8371579.4,472852.77,418847,3.7,8.78
2026-01-08,Lyft,174469,4277530.93,3382233.81,213165.48,170774,3.52,6.84
2026-01-08,Uber,442789,11837010.49,8911274.43,517793.91,434713,3.64,8.55
2026-01-09,Lyft,192532,4669117.51,3647786.88,229023.32,189038,3.58,6.86
2026-01-09,Uber,507015,12538382.78,9804317.55,518895.25,499489,3.7,8.67
2026-01-10,Lyft,221529,5291689.19,4030471.9,279706.03,219460,3.92,7.44
2026-01-10,Uber,612411,14288944.14,11401023.68,606991.96,607523,3.97,9.17
2026-01-11,Lyft,169557,4165880.59,3186016.38,226552.52,167375,3.81,7.23
2026-01-11,Uber,503228,12115919.27,9579157.94,510110.88,498739,3.93,9.35
2026-01-12,Lyft,146974,3644879.83,2769352.67,199236.16,143167,3.7,7.5
2026-01-12,Uber,453209,11784187.67,8894048.48,545697.62,444855,3.79,8.97
2026-01-13,Lyft,153026,3863839.25,2952076.07,213973.92,149539,3.63,6.97
2026-01-13,Uber,452788,12421891.12,9025940.32,601229.32,444678,3.7,8.6
2026-01-14,Lyft,160884,4174433.21,3155565.6,222987.4,157158,3.73,7.23
2026-01-14,Uber,459390,12953693.38,9389889.79,607513.36,450085,3.77,8.72
2026-01-15,Lyft,185262,4778478.55,3621963.07,251396.55,181309,3.7,7.18
2026-01-15,Uber,518997,14221542.25,10723693.94,652776.86,508637,3.75,8.71
2026-01-16,Lyft,218345,5359723.09,4133074.47,268182.07,214265,3.87,7.59
2026-01-16,Uber,565777,14507373.61,11310441.19,617893.5,556038,3.92,9.17
2026-01-17,Lyft,230982,5271627.52,4090683.42,274244.34,228307,3.82,7.11
2026-01-17,Uber,575380,13358319.46,10662654.89,578633.33,569909,3.87,9.09
2026-01-18,Lyft,211630,4766240.28,3690231.78,247679.69,209477,4.24,8.07
2026-01-18,Uber,510055,11878886.19,9277776.38,487348.69,505484,4.28,10.18
2026-01-19,Lyft,168662,4129160.81,3182343.93,225425.65,165770,3.96,7.78
2026-01-19,Uber,438148,10865267.38,8367632.95,472652.85,431657,4.08,10.01
2026-01-20,Lyft,182836,4354590.77,3332744.98,239062.82,178971,3.95,8.23
2026-01-20,Uber,500643,13042326.1,9860851.17,598264.95,490806,4.01,9.49
2026-01-21,Lyft,178395,4228569.99,3235847.39,225691.02,174575,3.73,7.44
2026-01-21,Uber,500406,13131835.53,9817354.57,616766.19,490738,3.83,9.0
2026-01-22,Lyft,184982,4088157.34,3543925.74,232665.63,181183,3.67,7.04
2026-01-22,Uber,501145,13914965.85,10448808.08,646237.43,490992,3.75,8.69
2026-01-23,Lyft,226417,4659161.01,4117400.59,253804.61,222804,3.85,7.28
2026-01-23,Uber,578171,14566971.81,11270919.2,606486.8,568506,3.84,8.87
2026-01-24,Lyft,246774,5330978.96,4190852.44,282134.71,244121,3.78,6.96
2026-01-24,Uber,633500,14651717.51,11620733.07,588793.74,626617,3.8,8.8
2026-01-25,Lyft,87157,2068563.88,1638581.9,110698.13,85523,6.07,16.93
2026-01-25,Uber,235119,4677850.09,3680729.2,177161.32,230518,6.33,14.92
2026-01-26,Lyft,114960,2861191.34,2203299.94,158152.82,112804,5.72,12.77
2026-01-26,Uber,324502,8518881.4,6544174.12,390405.42,316723,5.84,13.77
2026-01-27,Lyft,173661,4783676.73,3735613.89,255102.3,169494,6.1,13.99
2026-01-27,Uber,508756,16339879.34,12625878.39,716929.98,494041,5.93,13.67
2026-01-28,Lyft,196079,5262432.84,4177893.36,274464.76,191485,5.56,12.51
2026-01-28,Uber,531078,16541046.7,12608756.84,728077.21,516058,5.46,12.77
2026-01-29,Lyft,216088,5841777.08,4681759.59,305332.31,211333,5.56,12.13
2026-01-29,Uber,554879,17859629.92,13528327.9,776969.08,538730,5.42,12.48
2026-01-30,Lyft,247673,6501672.68,5239708.01,318561.53,242974,5.74,12.06
2026-01-30,Uber,617159,18242258.24,14198611.65,741047.57,601807,5.66,12.93
2026-01-31,Lyft,270204,6423816.96,5194485.53,322877.5,267384,4.83,9.02
2026-01-31,Uber,614675,15405994.01,12089351.91,629506.25,607416,4.96,11.44
2026-02-01,Lyft,240337,5721580.7,4557462.26,284580.22,237769,4.92,9.31
2026-02-01,Uber,524670,13471280.52,10441969.1,531987.99,518416,5.1,11.93
2026-02-02,Lyft,190746,4881952.47,3849333.19,242755.55,186466,4.93,10.44
2026-02-02,Uber,461812,13333250.1,10075253.59,577974.79,449714,4.99,11.69
2026-02-03,Lyft,191775,4871739.22,3855481.36,247717.4,187888,4.71,9.78
2026-02-03,Uber,475634,13917879.35,10397341.2,626264.4,463812,4.68,10.69
2026-02-04,Lyft,198576,5070177.18,4000104.93,258622.9,194685,4.54,9.17
2026-02-04,Uber,489939,14423248.51,10833544.84,658452.34,477398,4.44,10.2
2026-02-05,Lyft,209539,5494128.2,4276998.17,279379.78,205471,4.5,9.13
2026-02-05,Uber,509915,15360785.32,11350941.54,682394.85,496640,4.5,10.2
2026-02-06,Lyft,239510,5722641.82,4568545.84,285198.59,235890,4.48,8.76
2026-02-06,Uber,560738,15104864.04,11706994.78,625482.69,548312,4.48,10.18
2026-02-07,Lyft,283126,6282998.33,4982863.69,336164.35,280775,4.57,8.41
2026-02-07,Uber,668834,16406437.13,12891679.06,678864.66,661043,4.74,10.73
2026-02-08,Lyft,249697,5716803.96,4657995.29,306420.96,247345,4.67,8.79
2026-02-08,Uber,592232,15330209.23,12053830.02,587328.23,584173,5.18,12.38
2026-02-09,Lyft,171526,4269545.48,3247377.19,225738.28,167874,4.58,9.21
2026-02-09,Uber,508767,14296775.31,11214306.22,618660.29,495785,4.84,11.34
2026-02-10,Lyft,181582,4348449.92,3399696.03,228194.5,178092,4.31,8.7
2026-02-10,Uber,482268,13572269.48,10169142.18,612436.44,470301,4.35,10.04
2026-02-11,Lyft,191607,4740808.36,3709031.71,246971.85,187734,4.36,8.68
2026-02-11,Uber,504502,14849800.83,11167677.59,671436.86,491704,4.35,9.9
2026-02-12,Lyft,208284,5301886.94,4076386.88,272965.63,204073,4.58,9.17
2026-02-12,Uber,545842,16418541.01,12321892.76,722068.28,532153,4.43,9.68
2026-02-13,Lyft,233793,5744758.58,4403571.77,279836.48,229950,4.97,9.85
2026-02-13,Uber,592267,17207876.22,13457695.38,684596.03,579168,4.77,10.54
2026-02-14,Lyft,241647,5652830.5,4467806.13,272404.48,239297,4.68,8.78
2026-02-14,Uber,611487,16114056.76,12930136.89,594503.99,604122,4.74,10.72
2026-02-15,Lyft,215371,4996482.68,3909209.48,247494.98,213384,4.62,8.66
2026-02-15,Uber,503333,13333607.18,10294419.82,486890.06,497177,4.65,10.73
2026-02-16,Lyft,179792,4231217.06,3279457.57,216770.08,176904,4.22,8.33
2026-02-16,Uber,408579,10769828.37,7952516.87,445016.58,400819,4.25,9.98
2026-02-17,Lyft,179549,4289235.5,3371234.31,222027.14,175917,3.99,7.52
2026-02-17,Uber,409193,11533926.08,8389036.27,519044.2,399323,4.08,9.17
2026-02-18,Lyft,184741,4335463.5,3302079.73,227023.16,181082,4.08,8.11
2026-02-18,Uber,455980,12765196.75,9378250.37,607496.48,445886,4.14,9.37
2026-02-19,Lyft,188151,4551708.46,3492400.56,236865.38,184367,3.81,7.27
2026-02-19,Uber,490624,13582128.21,10268412.45,654693.42,480437,3.95,8.97
2026-02-20,Lyft,230155,5176497.21,4049641.04,263395.99,226540,4.17,7.99
2026-02-20,Uber,578283,14687656.18,11504660.27,658513.42,568037,4.2,9.44
2026-02-21,Lyft,229362,5360053.53,4108640.37,277200.18,227293,4.2,8.2
2026-02-21,Uber,583043,14929268.96,11897003.64,641654.1,576735,4.23,9.76
2026-02-22,Lyft,173567,4023177.85,3027282.49,209523.01,170921,4.54,11.17
2026-02-22,Uber,409672,10360106.4,8025301.4,471173.08,401172,4.51,12.73
2026-02-23,Lyft,66990,1585556.04,1224500.53,75344.21,65920,7.11,15.09
2026-02-23,Uber,93846,2516349.55,1973057.86,117149.36,91497,11.51,27.15
2026-02-24,Lyft,178424,4371197.47,3491191.23,219198.01,173948,4.95,10.52
2026-02-24,Uber,490184,12477661.88,10005249.52,541724.23,476365,5.01,11.95
2026-02-25,Lyft,208650,5797648.07,4457801.28,285379.32,203851,5.03,11.37
2026-02-25,Uber,503703,15174452.79,11280332.92,659742.47,486692,4.74,11.07
2026-02-26,Lyft,205279,5550779.36,4264577.34,271816.83,200472,4.62,9.58
2026-02-26,Uber,531211,15608156.79,11782717.33,657251.73,516973,4.7,11.08
2026-02-27,Lyft,209258,5528215.96,4265990.53,261663.72,205276,4.81,9.78
2026-02-27,Uber,594185,16331574.16,13109483.38,641224.21,581982,5.05,11.77
2026-02-28,Lyft,227691,6004709.87,4562544.51,284042.96,225687,4.5,8.86
2026-02-28,Uber,586218,15820293.25,12329789.88,589045.79,580288,4.8,11.31
2026-03-01,Lyft,200270,5301234.89,4057962.73,255047.43,198349,4.38,8.61
2026-03-01,Uber,500107,13620797.05,10577058.14,499966.12,494085,4.86,11.59
2026-03-02,Lyft,183107,4623926.97,3527781.21,230037.95,178794,4.31,8.83
2026-03-02,Uber,465927,12964006.58,9772245.12,557786.64,455848,4.58,10.62
2026-03-03,Lyft,204361,5121398.25,3855511.01,263775.58,200182,4.39,8.82
2026-03-03,Uber,511444,14725632.62,10699578.63,665218.71,500591,4.62,10.72
2026-03-04,Lyft,187290,4903668.51,3786091.18,255936.73,182965,4.03,7.98
2026-03-04,Uber,484620,14331642.21,10552674.63,659069.43,473722,4.31,10.02
2026-03-05,Lyft,218938,5849460.09,4314380.27,305755.47,214144,4.55,9.32
2026-03-05,Uber,570256,17846781.79,12948735.76,792894.67,557206,4.7,10.8
2026-03-06,Lyft,225060,5810819.55,4526218.12,284734.27,220995,4.24,8.31
2026-03-06,Uber,553735,15453351.54,11758027.12,622457.46,542787,4.49,10.49
2026-03-07,Lyft,234408,5858265.14,4573547.49,285303.66,232405,4.12,7.9
2026-03-07,Uber,577809,14696847.55,11610145.1,557478.4,571871,4.44,10.5
2026-03-08,Lyft,205159,5461068.97,4187462.42,260907.99,203199,4.55,9.29
2026-03-08,Uber,471521,13008651.89,9936483.51,489682.93,465836,4.86,11.72
2026-03-09,Lyft,174988,4560254.61,3619158.2,229229.7,170988,4.12,8.34
2026-03-09,Uber,437375,12600686.27,9447870.72,554529.94,427328,4.47,10.6
2026-03-10,Lyft,187964,4940946.75,3906123.77,253976.44,184238,4.26,8.53
2026-03-10,Uber,452820,13921585.53,10200822.53,633558.79,442743,4.41,10.34
2026-03-11,Lyft,191455,5047022.04,3957628.81,264590.69,187029,4.09,8.04
2026-03-11,Uber,483357,14475390.79,10633614.76,674874.27,472435,4.25,9.89
2026-03-12,Lyft,223046,6095534.71,4639583.23,317927.56,218473,4.59,9.64
2026-03-12,Uber,552550,17462449.37,12798801.75,794104.95,539943,4.56,10.53
2026-03-13,Lyft,246977,6396202.53,5046581.99,311392.85,242755,4.72,9.7
2026-03-13,Uber,561793,15977264.13,12191802.57,674289.29,550145,4.58,10.87
2026-03-14,Lyft,244361,6220631.24,4678313.02,300190.94,242366,4.52,9.1
2026-03-14,Uber,596539,15556411.77,12286709.25,616933.47,589374,4.57,11.01
2026-03-15,Lyft,212443,5468998.09,4052085.85,266753.75,210532,4.72,9.85
2026-03-15,Uber,498764,13554958.49,10551156.93,528276.02,491419,4.89,11.89
2026-03-16,Lyft,178519,4498373.33,3301084.5,225995.74,174501,4.49,10.1
2026-03-16,Uber,490361,13127645.78,10131504.79,562561.64,479446,4.61,11.08
2026-03-17,Lyft,193985,4992354.42,3761056.49,252489.07,190367,4.23,8.63
2026-03-17,Uber,478093,13647631.12,10074689.79,616874.11,468075,4.4,10.46
2026-03-18,Lyft,197053,5238870.87,3858550.97,272499.11,193179,4.29,8.98
2026-03-18,Uber,525881,15481663.96,11500423.22,714864.83,514562,4.39,10.42
2026-03-19,Lyft,201498,5565610.79,4015683.59,281648.14,197445,4.31,8.45
2026-03-19,Uber,534754,16180971.83,12068175.29,728383.58,522830,4.58,10.91
2026-03-20,Lyft,199410,5560941.66,3700223.31,274395.54,196061,5.16,9.94
2026-03-20,Uber,538738,15744644.34,12022218.98,643942.42,527838,5.43,12.93
2026-03-21,Lyft,205148,5423551.97,3733956.0,266474.69,203237,4.49,8.7
2026-03-21,Uber,581992,15398615.78,12503423.71,599355.53,574915,4.93,12.13
2026-03-22,Lyft,194858,5231583.82,3678790.44,256233.96,193049,4.43,8.67
2026-03-22,Uber,492878,13566986.61,10682090.89,524672.33,485888,4.95,12.33
2026-03-23,Lyft,148765,3853037.49,2707575.49,195217.14,145384,4.03,8.9
2026-03-23,Uber,499180,13142979.97,10486961.6,563911.59,489241,4.36,10.82
2026-03-24,Lyft,168377,4494770.57,3246189.08,230118.64,165012,3.79,7.36
2026-03-24,Uber,465919,13259912.94,9852355.93,603609.41,455530,3.93,9.41
2026-03-25,Lyft,169950,4703842.79,3301335.15,240865.73,166328,3.68,7.1
2026-03-25,Uber,499167,14225763.97,10616169.73,651737.82,487980,3.98,9.53
2026-03-26,Lyft,183685,5221466.67,3740177.43,258209.47,179939,3.86,7.52
2026-03-26,Uber,530429,15607168.0,11802574.25,688822.12,518415,4.21,10.08
2026-03-27,Lyft,215344,5741684.75,4202637.07,269826.11,211895,3.86,7.43
2026-03-27,Uber,564532,15210796.63,11720783.02,631870.0,553618,4.16,10.1
2026-03-28,Lyft,219796,5620382.84,4100416.3,270837.88,218064,3.96,7.43
2026-03-28,Uber,616442,15362955.45,12376615.38,600489.42,610088,4.39,10.59
2026-03-29,Lyft,186202,4905143.34,3517137.92,236392.8,184412,4.05,7.71
2026-03-29,Uber,510285,13136997.22,10552987.47,498095.35,504166,4.67,11.31
2026-03-30,Lyft,143207,3904821.95,2794440.73,199182.12,139649,3.7,7.37
2026-03-30,Uber,460023,12148103.04,9498190.84,518336.54,450848,4.18,10.27
2026-03-31,Lyft,156559,4253932.76,3085837.08,215946.72,153188,3.6,6.77
2026-03-31,Uber,448884,12582959.71,9232286.07,540145.2,439239,3.94,9.51
2026-04-01,Lyft,165395,4577718.69,3289377.03,237501.83,161817,3.63,6.95
2026-04-01,Uber,474779,13381666.8,9947204.98,582081.39,464179,3.95,9.53
2026-04-02,Lyft,165370,4497282.35,3211947.07,238136.14,161962,3.45,6.35
2026-04-02,Uber,515422,13627240.63,10251349.9,592767.95,505628,3.8,9.15
2026-04-03,Lyft,175250,4571246.41,3372228.48,228503.64,172087,3.65,6.83
2026-04-03,Uber,512918,12972700.94,10109281.86,537832.6,504517,3.98,9.62
2026-04-04,Lyft,195503,4955165.22,3676110.02,238850.98,193556,3.83,7.34
2026-04-04,Uber,589440,14293528.33,11609076.39,551991.48,583886,4.18,10.05
2026-04-05,Lyft,165005,4198719.39,3084419.86,214218.5,162902,4.08,7.92
2026-04-05,Uber,522355,12669783.9,10523672.02,492901.93,516780,4.68,11.32
2026-04-06,Lyft,127028,3362628.83,2483195.3,176090.51,123548,3.51,6.63
2026-04-06,Uber,432649,11259421.24,8811054.05,501124.21,424707,4.01,9.93
2026-04-07,Lyft,144454,3720474.9,2767416.55,207119.11,141138,3.44,6.42
2026-04-07,Uber,459183,12277864.31,9141413.3,559319.79,451086,3.84,9.33
2026-04-08,Lyft,154313,3957002.86,2991289.87,224400.54,150826,3.44,6.35
2026-04-08,Uber,479173,12997582.15,9612929.24,606496.34,470555,3.8,9.19
2026-04-09,Lyft,165781,4331827.79,3275716.01,245489.78,162262,3.45,6.39
2026-04-09,Uber,509151,14284613.66,10636055.93,657072.97,499742,3.78,9.11
2026-04-10,Lyft,192792,4940473.9,3746666.84,256899.78,189424,3.65,6.73
2026-04-10,Uber,552745,14493423.48,11320047.36,616375.68,543744,3.93,9.5
2026-04-11,Lyft,216814,5448551.31,4138114.31,276177.74,214766,3.93,7.34
2026-04-11,Uber,590563,15201124.27,12301642.82,621802.09,585113,4.2,10.04
2026-04-12,Lyft,174217,4343829.15,3287278.91,236633.76,172187,4.07,7.7
2026-04-12,Uber,527878,13703264.24,11238526.98,550802.44,522508,4.59,11.17
2026-04-13,Lyft,134860,3472538.24,2654919.92,203777.72,131140,3.74,7.32
2026-04-13,Uber,481312,12990994.35,10429922.34,630059.55,472318,4.24,10.53
2026-04-14,Lyft,165725,4272864.15,3262860.66,234295.14,162056,3.84,7.4
2026-04-14,Uber,470888,13840744.51,10150670.31,668524.28,461639,4.1,9.96
2026-04-15,Lyft,187692,5008071.43,3843454.53,269699.65,183763,3.97,7.76
2026-04-15,Uber,494557,15000763.51,11080265.05,741077.87,484155,4.12,9.98
2026-04-16,Lyft,194366,5213736.48,3998331.87,284666.27,190140,4.03,7.97
2026-04-16,Uber,524542,16394971.17,12392506.18,807389.03,513146,4.24,10.15
2026-04-17,Lyft,252140,6676441.59,5108892.78,306873.84,248147,4.19,8.19
2026-04-17,Uber,528017,15572612.69,11824123.29,699340.87,517280,4.23,10.12
2026-04-18,Lyft,271237,6843840.38,5390874.67,327071.47,268746,4.32,7.99
2026-04-18,Uber,579736,15658069.24,12213128.8,651174.73,573803,4.31,10.24
2026-04-19,Lyft,218958,5441637.09,4220921.52,275562.76,216272,4.18,7.98
2026-04-19,Uber,515563,13533191.69,10818867.33,585482.64,509686,4.37,10.61
2026-04-20,Lyft,186545,4837601.54,3736429.12,249096.65,182354,3.88,7.71
2026-04-20,Uber,448602,12749135.05,9571171.58,591114.19,439365,4.02,9.79
2026-04-21,Lyft,188389,4923923.74,3811201.0,253748.02,184390,3.8,7.49
2026-04-21,Uber,466448,13423960.22,9922555.77,635742.13,457344,3.93,9.43
2026-04-22,Lyft,188434,5093758.63,3874985.61,271071.06,184199,3.81,7.53
2026-04-22,Uber,501371,14767939.16,11040330.94,704342.53,491477,3.91,9.36
2026-04-23,Lyft,196228,5496504.19,4153979.36,291275.59,191772,3.95,7.72
2026-04-23,Uber,511808,16083075.91,12138474.82,748017.88,501130,4.11,9.72
2026-04-24,Lyft,228905,5460730.93,4590149.79,283456.62,224904,3.96,7.52
2026-04-24,Uber,561546,15792486.49,12367766.23,686055.78,551087,4.1,9.68
2026-04-25,Lyft,261260,6480190.4,4766176.92,331674.85,258528,4.55,8.46
2026-04-25,Uber,678257,17519494.52,13955546.0,734797.62,671847,4.67,10.88
2026-04-26,Lyft,196942,5216671.14,3950647.1,264594.54,194319,4.31,8.33
2026-04-26,Uber,507199,13715189.13,11018826.12,559219.42,500780,4.58,11.09
2026-04-27,Lyft,164801,4460905.42,3371993.18,230198.34,160833,3.73,7.23
2026-04-27,Uber,439589,12380340.85,9413973.7,564063.04,429833,3.98,9.74
2026-04-28,Lyft,168213,4572869.65,3445238.97,241084.69,164469,3.59,6.88
2026-04-28,Uber,460346,13200080.03,9800840.74,627514.99,450936,3.82,9.13
2026-04-29,Lyft,176626,4877588.63,3608190.32,261843.94,172881,3.74,7.23
2026-04-29,Uber,511395,15205264.07,11401209.97,717303.93,500856,3.94,9.38
2026-04-30,Lyft,193852,5534005.89,4174795.07,293325.09,189513,3.83,7.56
2026-04-30,Uber,531426,16192402.95,12215521.43,741141.03,519896,3.99,9.44
2026-05-01,Lyft,232519,6171526.14,4853139.8,299035.37,228507,4.02,7.77
2026-05-01,Uber,548353,15658875.25,12138741.23,658587.69,538171,4.16,9.82
2026-05-02,Lyft,247862,6123886.59,4887985.29,298614.78,245390,3.89,7.26
2026-05-02,Uber,578154,14810727.83,11825160.02,612147.72,572255,4.04,9.55
2026-05-03,Lyft,204967,5411649.4,4195186.54,266371.88,202585,4.31,8.38
2026-05-03,Uber,471170,13169395.98,10357207.45,547012.02,465327,4.66,11.16
2026-05-04,Lyft,163449,4310888.82,3385533.51,229592.7,159411,4.38,8.4
2026-05-04,Uber,454731,12645535.39,9849988.84,583843.18,445279,4.11,10.08
2026-05-05,Lyft,193562,5038023.53,3983229.79,256283.49,189600,4.44,8.32
2026-05-05,Uber,478707,13983897.51,10481635.39,637527.82,469059,4.13,9.92
2026-05-06,Lyft,205534,5439498.97,4204662.63,284907.33,201388,4.44,8.39
2026-05-06,Uber,504518,15409659.12,11283113.08,718079.37,493714,4.1,9.85
2026-05-07,Lyft,204174,5576909.83,4366278.6,295353.21,199811,4.39,8.32
2026-05-07,Uber,505493,15681131.93,11809103.84,784657.18,494315,4.04,9.65
2026-05-08,Lyft,229239,5999131.79,4749647.02,298581.8,224954,4.56,8.49
2026-05-08,Uber,560113,15804525.38,12431823.44,716572.06,549417,4.21,10.0
2026-05-09,Lyft,241640,6147068.1,4775029.45,304357.55,239044,4.58,8.41
2026-05-09,Uber,611513,15585086.15,12485901.58,650556.28,605278,4.3,10.16
2026-05-10,Lyft,212836,5773378.67,4439218.56,280181.98,210202,5.03,9.54
2026-05-10,Uber,519699,14111682.44,11203143.93,581380.17,513846,4.81,11.43
2026-05-11,Lyft,184711,4910814.79,3833287.32,252839.05,180617,4.46,8.56
2026-05-11,Uber,428896,12833967.47,9453620.25,630706.26,418757,4.01,9.75
2026-05-12,Lyft,196565,5276870.7,4130356.33,277714.87,192519,4.46,8.34
2026-05-12,Uber,450144,14282464.0,10450249.31,714059.35,440213,4.02,9.39
2026-05-13,Lyft,208248,5756883.34,4474380.2,306223.05,204035,4.56,8.71
2026-05-13,Uber,475807,15915200.62,11678535.72,791278.13,464635,4.14,9.63
2026-05-14,Lyft,217235,6252241.45,4781575.41,341697.45,212633,4.68,9.04
2026-05-14,Uber,519737,17792644.54,13278082.13,871511.22,507303,4.29,9.87
2026-05-15,Lyft,240428,6729170.18,5211342.29,341794.87,235981,4.86,9.18
2026-05-15,Uber,539307,17030763.51,13137116.83,762260.53,527358,4.48,10.32
2026-05-16,Lyft,255834,7345141.98,5468958.52,361939.36,252508,5.16,9.47
2026-05-16,Uber,557419,17621604.9,13614166.38,730252.95,548479,4.88,11.21
2026-05-17,Lyft,247852,7054994.92,5332003.39,336411.15,244838,5.36,10.04
2026-05-17,Uber,470773,15357016.55,11383206.61,627962.53,462694,5.09,11.78
2026-05-18,Lyft,214897,5963393.93,4713014.07,304224.73,210407,4.89,9.36
2026-05-18,Uber,413774,13606829.41,9733369.38,658033.29,401741,4.38,10.27
2026-05-19,Lyft,218164,5994488.77,4672693.11,320362.38,213664,4.92,9.43
2026-05-19,Uber,459723,15246366.04,11168228.35,749826.28,448135,4.53,10.53
2026-05-20,Lyft,224876,6490178.58,4733202.91,352722.45,220175,5.29,10.48
2026-05-20,Uber,519896,18248856.82,13218131.38,878993.82,507118,4.95,11.55
2026-05-21,Lyft,227142,6642702.81,5128286.18,355863.77,222177,4.85,9.34
2026-05-21,Uber,499818,16760775.84,12430521.79,801737.79,486460,4.55,10.58
2026-05-22,Lyft,236062,6396822.28,5052693.93,320552.61,231312,4.51,8.42
2026-05-22,Uber,501415,13842864.47,10680787.03,594114.61,490107,4.13,9.66
2026-05-23,Lyft,256905,6372474.07,4979979.77,322352.0,253983,4.52,8.29
2026-05-23,Uber,538674,13037681.59,10307698.7,543646.06,532281,4.17,9.79
2026-05-24,Lyft,224790,5506755.62,4274018.71,274468.48,222420,4.64,8.56
2026-05-24,Uber,464668,11152249.77,8696565.39,441966.67,459501,4.35,10.29
2026-05-25,Lyft,188336,4875771.52,3819876.58,235527.38,185691,4.53,8.79
2026-05-25,Uber,357524,9424727.61,7063158.16,376434.15,352761,4.3,10.68
2026-05-26,Lyft,198586,5187063.37,4161807.71,257288.59,194309,4.52,8.51
2026-05-26,Uber,408611,11893185.91,8776219.44,532734.41,399555,4.09,9.7
2026-05-27,Lyft,190292,5013364.87,3814141.48,266290.31,186352,5.07,9.3
2026-05-27,Uber,438289,13344891.79,9723927.95,616802.64,429087,4.81,11.26
2026-05-28,Lyft,215834,5862501.23,4548478.79,307599.34,211398,4.8,9.01
2026-05-28,Uber,474276,14827366.59,10923249.07,679523.03,463987,4.69,11.06
2026-05-29,Lyft,228131,6170531.74,4825751.43,313735.03,223822,4.76,8.86
2026-05-29,Uber,536589,14905093.07,11825009.19,636096.46,526583,4.6,10.93
2026-05-30,Lyft,246575,6406768.09,4942956.13,326924.15,243983,4.72,8.62
2026-05-30,Uber,583151,14905478.98,11979514.44,601898.14,577024,4.57,10.7
2026-05-31,Lyft,213683,5874435.15,4469446.26,296391.2,210931,5.06,9.61
2026-05-31,Uber,483874,13668058.22,10697964.53,539948.36,477758,5.19,12.34
2026-06-01,Lyft,177093,4911181.47,3750873.09,259404.94,172814,4.59,8.81
2026-06-01,Uber,435202,12878984.44,9713551.34,586793.17,425164,4.47,10.69
2026-06-02,Lyft,165602,4667809.78,3587420.96,259120.01,161683,4.47,8.49
2026-06-02,Uber,472477,13720926.71,10576198.28,668515.85,462906,4.27,10.04
2026-06-03,Lyft,176900,5163294.77,3883786.27,292849.58,172660,4.61,8.83
2026-06-03,Uber,527956,15600523.13,12161350.03,745571.39,517224,4.49,10.53
2026-06-04,Lyft,184554,5614650.69,4205920.32,321320.65,180159,4.7,8.99
2026-06-04,Uber,545350,16485483.74,12880488.02,791881.45,534358,4.58,10.63
2026-06-05,Lyft,207144,5918303.75,4456597.07,328137.8,203015,4.83,9.27
2026-06-05,Uber,591187,16487390.95,13370375.37,731703.92,580385,4.79,11.27
2026-06-06,Lyft,221513,6230697.05,4367418.01,341093.65,218894,5.32,10.23
2026-06-06,Uber,681343,18990843.11,15796752.66,773485.08,673987,5.65,13.11
2026-06-07,Lyft,198122,5519636.32,4112484.52,300122.26,195609,5.11,9.71
2026-06-07,Uber,512107,14560980.53,11517065.15,594642.23,504910,5.28,12.47
2026-06-08,Lyft,117202,3189787.96,2446048.36,180113.31,114504,4.7,9.27
2026-06-08,Uber,464112,13875290.6,10617190.61,636705.39,453240,4.57,11.0
2026-06-09,Lyft,113548,3129673.83,2389383.37,181481.94,111075,4.6,8.74
2026-06-09,Uber,486634,14682204.27,10949700.91,705000.08,476651,4.44,10.43
2026-06-10,Lyft,113530,3123125.9,2399594.6,184354.61,110846,4.61,8.85
2026-06-10,Uber,527527,15604064.64,11880511.05,757721.32,516511,4.3,10.14
2026-06-11,Lyft,136629,3887732.93,2902541.6,225850.58,133739,5.04,9.96
2026-06-11,Uber,589846,18341476.34,13989823.4,876142.01,577698,5.06,11.77
2026-06-12,Lyft,134260,3627370.04,2744045.7,197257.8,131688,5.09,9.91
2026-06-12,Uber,597999,17328006.22,13691868.61,761242.98,586527,5.12,12.09
2026-06-13,Lyft,172623,4621499.21,3483634.78,241646.52,170520,5.11,9.62
2026-06-13,Uber,578807,16199835.26,12390210.65,638817.44,571164,5.14,12.12
2026-06-14,Lyft,146701,4309734.57,2951523.89,215160.65,145083,5.51,10.49
2026-06-14,Uber,532592,16869393.54,13048847.16,589514.57,525718,5.93,14.28
2026-06-15,Lyft,178485,4751588.44,3622650.53,253159.99,174417,4.8,9.41
2026-06-15,Uber,440127,13082797.1,9859829.58,586978.98,429838,4.68,11.34
2026-06-16,Lyft,187312,4934425.33,3815647.74,266281.78,183111,4.61,8.77
2026-06-16,Uber,444299,13242483.37,9753140.39,620705.78,434254,4.33,10.14
2026-06-17,Lyft,188069,5170355.36,3875398.69,289728.85,183756,4.66,9.01
2026-06-17,Uber,500918,15141775.83,11469794.38,713725.39,490192,4.57,10.67
2026-06-18,Lyft,205589,5751808.75,4222060.52,306083.06,200836,4.99,9.78
2026-06-18,Uber,543849,16629931.95,12890078.73,724429.13,531921,5.05,11.84
2026-06-19,Lyft,213963,5795973.21,4372364.95,297413.13,210085,4.73,9.06
2026-06-19,Uber,514595,14634571.18,11499173.19,614225.97,506031,4.71,11.27
2026-06-20,Lyft,237499,6162031.49,4660500.29,309346.05,235117,4.78,9.04
2026-06-20,Uber,547827,14877335.98,11798546.51,581690.99,541008,4.73,11.45
2026-06-21,Lyft,212769,5678569.0,4267583.44,281688.27,210483,5.11,9.72
2026-06-21,Uber,474929,13438734.82,10276634.59,512201.63,468097,5.22,12.63
2026-06-22,Lyft,189028,4773294.59,3571638.53,247746.43,184995,4.82,9.45
2026-06-22,Uber,446071,13063420.68,9731307.33,576545.87,436061,4.72,11.38
2026-06-23,Lyft,193704,5056452.5,3823253.69,274421.18,189733,4.68,9.18
2026-06-23,Uber,462488,13890053.73,10183966.68,657654.05,452374,4.44,10.63
2026-06-24,Lyft,194452,5215863.5,3942538.09,279373.65,190620,4.72,9.0
2026-06-24,Uber,468199,14840503.42,10982432.71,690298.04,457865,4.51,10.64
2026-06-25,Lyft,208718,5684241.5,4297749.27,295480.39,204644,4.69,8.82
2026-06-25,Uber,492910,15332903.02,11406940.91,693009.74,482066,4.48,10.52
2026-06-26,Lyft,225776,5947082.19,4493649.26,304326.92,222190,4.82,9.09
2026-06-26,Uber,539104,15551877.54,11922948.24,653214.6,528713,4.61,11.0
2026-06-27,Lyft,237353,5983760.62,4494913.76,304356.61,235043,4.83,9.18
2026-06-27,Uber,540396,15224510.61,11820981.28,604378.03,533226,4.62,11.07
2026-06-28,Lyft,212155,5547695.9,4139547.48,279344.51,209993,5.14,9.85
2026-06-28,Uber,471163,13908576.0,10515603.5,523749.71,464511,5.1,12.17
2026-06-29,Lyft,184593,4710637.64,3575571.09,238651.11,181104,4.5,8.36
2026-06-29,Uber,404459,11879334.8,8646715.58,514291.0,395538,4.21,10.06
2026-06-30,Lyft,183242,4687891.19,3603799.77,247591.07,179448,4.4,8.15
2026-06-30,Uber,423267,12242313.53,9168422.02,547967.69,414441,4.13,9.63
2026-07-01,Lyft,201866,5200371.42,3943312.8,264619.15,197858,4.48,8.21
2026-07-01,Uber,467176,13107662.75,9899303.22,561975.1,457369,4.21,9.81
2026-07-02,Lyft,218587,5559849.92,4221541.32,277550.8,214532,4.65,8.69
2026-07-02,Uber,488721,13264085.96,10184062.67,545876.77,478910,4.38,10.24
2026-07-03,Lyft,221306,5310637.9,4014954.61,269402.24,218769,4.57,8.59
2026-07-03,Uber,500647,12232714.33,9540649.79,490599.86,493418,4.39,10.45
2026-07-04,Lyft,193042,4771101.72,3530031.51,230108.06,191097,4.97,9.7
2026-07-04,Uber,471373,12215813.66,9665193.31,454073.15,466027,5.1,12.7
2026-07-05,Lyft,187325,4815143.64,3605740.85,225536.89,185354,4.87,9.48
2026-07-05,Uber,421124,11438833.38,8810759.5,417957.45,415963,4.82,11.98
2026-07-06,Lyft,184094,4693790.61,3523152.2,236317.67,180609,4.73,9.21
2026-07-06,Uber,453325,12125596.64,9043267.1,497035.77,445139,4.57,11.02
2026-07-07,Lyft,162620,4317951.2,3333402.89,233365.06,158964,4.33,8.25
2026-07-07,Uber,417480,11700287.7,8880309.17,533500.93,409052,4.08,9.66
2026-07-08,Lyft,168711,4483034.99,3425909.57,243330.62,165051,4.18,7.8
2026-07-08,Uber,441108,12203174.29,9260867.69,555332.09,432634,3.96,9.25
2026-07-09,Lyft,180148,4791370.31,3669945.25,256085.54,176487,4.28,8.09
2026-07-09,Uber,491464,13455385.54,10498451.05,604451.61,482276,4.11,9.55
2026-07-10,Lyft,199260,5378230.28,4088028.91,286531.7,195540,4.36,8.2
2026-07-10,Uber,530749,14122955.09,11285649.02,603587.32,521022,4.13,9.61
2026-07-11,Lyft,216496,5677352.35,4198209.25,291909.94,214129,4.58,8.79
2026-07-11,Uber,565333,14618451.45,11847090.51,579006.45,558752,4.43,10.48
2026-07-12,Lyft,202675,5105462.53,4031014.84,259265.16,200290,4.94,9.36
2026-07-12,Uber,480592,13524746.65,10542409.85,529733.98,474249,4.84,11.58
2026-07-13,Lyft,149520,4138094.72,3036137.78,222967.34,145944,4.35,8.41
2026-07-13,Uber,433460,12276661.68,9358656.3,540113.02,424226,4.23,10.12
2026-07-14,Lyft,154627,4125738.18,3058226.77,232661.08,151222,4.29,8.01
2026-07-14,Uber,467598,13041914.58,9908150.64,619165.19,458568,4.16,9.7
2026-07-15,Lyft,170365,4671960.92,3346601.15,266139.53,166961,4.62,9.36
2026-07-15,Uber,515222,14863548.84,11189021.38,705463.5,505777,4.45,10.44
2026-07-16,Lyft,176158,4766703.18,3548233.86,265298.29,172797,4.46,8.65
2026-07-16,Uber,532676,15944593.95,12242319.9,740578.95,522629,4.37,10.18
2026-07-17,Lyft,193402,4867546.98,3686756.87,251250.54,190324,4.56,8.51
2026-07-17,Uber,557459,15759585.26,12580549.44,665707.75,547932,4.51,10.59
2026-07-18,Lyft,202761,4863515.19,3588261.02,249933.42,200980,4.77,9.46
2026-07-18,Uber,609331,16061629.8,12866623.38,654414.86,602490,4.62,10.92
2026-07-19,Lyft,172606,4619523.44,3334389.45,239654.92,170812,5.31,10.22
2026-07-19,Uber,512156,14992743.23,11873227.25,596340.03,505091,5.55,13.03
2026-07-20,Lyft,148967,4054961.37,2996498.34,217618.22,145641,4.74,9.14
2026-07-20,Uber,459934,14129432.99,10653821.67,630841.61,449390,4.66,11.02
2026-07-21,Lyft,153324,3784454.24,2881920.18,209295.04,149858,4.37,8.33
2026-07-21,Uber,464549,12998371.49,9826002.81,608251.35,454623,4.13,9.68
2026-07-22,Lyft,166629,4475437.72,3385495.69,250978.01,163068,4.39,8.26
2026-07-22,Uber,472314,14156360.06,10620142.85,689425.9,462372,4.13,9.72
2026-07-23,Lyft,181982,4959855.88,3761120.86,272747.22,178140,4.39,8.17
2026-07-23,Uber,486458,14523665.09,11047787.38,686394.2,476118,4.13,9.69
2026-07-24,Lyft,201343,5285776.84,4048789.34,272941.02,197787,4.55,8.47
2026-07-24,Uber,526268,14530288.07,11578758.51,631825.42,516675,4.24,9.98
2026-07-25,Lyft,209512,5461036.97,4149080.06,279450.5,207284,4.75,9.07
2026-07-25,Uber,552746,14632087.33,11902807.5,586234.16,546116,4.53,10.77
2026-07-26,Lyft,184177,4939878.31,3736754.54,254327.34,182136,5.17,10.18
2026-07-26,Uber,489874,13186099.0,10701215.27,517921.33,483621,4.98,12.01
2026-07-27,Lyft,146437,3775060.33,2857820.72,211772.64,143109,4.55,8.78
2026-07-27,Uber,455600,12130295.6,9637059.3,562142.23,446104,4.38,10.52
2026-07-28,Lyft,163015,4174893.08,3172884.7,231404.47,159579,4.31,8.22
2026-07-28,Uber,455210,12700347.37,9572346.21,609065.29,445320,4.05,9.63
2026-07-29,Lyft,177458,4867448.98,3679151.16,274787.26,173876,4.41,8.51
2026-07-29,Uber,472854,13972513.2,10458388.36,676884.76,462457,4.09,9.76
2026-07-30,Lyft,201420,5666540.04,4329443.12,307336.32,197742,4.62,8.9
2026-07-30,Uber,497931,14986373.36,11327627.22,695256.04,486894,4.26,10.14
2026-07-31,Lyft,216042,5803944.19,4389083.82,297076.04,212632,4.72,8.98
2026-07-31,Uber,524642,14654540.48,11447675.89,624062.55,514347,4.36,10.47
2026-08-01,Lyft,231443,6210975.96,4671496.25,310083.32,229072,5.04,9.71
2026-08-01,Uber,530383,14527812.09,11531411.06,582040.68,523391,4.8,11.47
2026-08-02,Lyft,200838,5343327.69,4003425.0,268752.52,198618,4.93,9.55
2026-08-02,Uber,474565,12655636.62,9964069.18,496415.68,468226,4.74,11.58
2026-08-03,Lyft,167875,4372457.41,3171446.32,237955.33,164584,4.66,9.4
2026-08-03,Uber,457646,12472534.29,9515208.53,561851.6,447368,4.62,11.44
2026-08-04,Lyft,170528,4455781.55,3393396.49,244144.61,166912,4.44,8.41
2026-08-04,Uber,436065,12471093.16,9427903.14,580878.24,426743,4.23,10.2
2026-08-05,Lyft,185218,4764897.48,3638563.71,259714.19,181595,4.44,8.41
2026-08-05,Uber,469141,13352917.72,10066905.93,622702.04,459137,4.19,10.02
2026-08-06,Lyft,199556,5221456.63,3981367.26,286614.94,195839,4.43,8.36
2026-08-06,Uber,498184,14228927.11,10838502.57,647702.77,488094,4.13,9.94
2026-08-07,Lyft,217858,5642923.6,4249770.26,302354.36,214341,4.94,10.18
2026-08-07,Uber,559751,15695229.24,12357304.26,665778.44,548983,4.78,11.77
2026-08-08,Lyft,212399,5344204.68,4139382.15,287869.49,210085,4.87,9.46
2026-08-08,Uber,548415,14793974.67,12029110.87,603122.65,540974,4.85,11.75
2026-08-09,Lyft,171079,4322587.48,3323299.69,241824.67,169128,5.12,10.02
2026-08-09,Uber,511660,13343196.77,11040106.57,516166.69,505085,5.23,12.63
2026-08-10,Lyft,153886,3854972.58,2922538.1,214568.19,150753,4.55,8.82
2026-08-10,Uber,438929,11758232.65,9114848.86,518022.51,429283,4.44,11.03
2026-08-11,Lyft,165046,4145319.55,3157511.31,225916.06,161853,4.22,7.83
2026-08-11,Uber,417810,11860836.53,8787282.86,556367.2,408521,3.98,9.71
2026-08-12,Lyft,174118,4468567.19,3384943.5,239940.24,170694,4.26,7.92
2026-08-12,Uber,441289,12790376.9,9558930.63,587685.45,431559,4.04,9.76
2026-08-13,Lyft,187910,4936146.86,3728940.4,255056.49,184633,4.26,7.97
2026-08-13,Uber,470132,13682760.62,10286780.28,612539.53,460108,4.03,9.75
2026-08-14,Lyft,204915,5242594.81,4023263.07,266901.2,201819,4.42,8.31
2026-08-14,Uber,516272,13821962.94,10903000.34,570487.74,506511,4.18,10.1
2026-08-15,Lyft,208268,5361908.49,4145912.56,273081.63,206194,4.72,9.08
2026-08-15,Uber,547018,14163067.8,11586353.49,544854.71,540406,4.62,11.27
2026-08-16,Lyft,191846,4955851.7,3786365.95,243248.94,190041,4.78,9.28
2026-08-16,Uber,470631,12294973.48,9709887.21,457062.04,464545,4.68,11.42
2026-08-17,Lyft,154574,4007129.75,2982034.17,212345.35,151576,4.32,8.48
2026-08-17,Uber,408552,11175970.42,8507119.07,490835.75,399178,4.23,10.48
2026-08-18,Lyft,163494,4089459.36,3083632.19,216440.99,160344,4.12,7.83
2026-08-18,Uber,421564,11749951.05,8832941.0,533443.3,412551,4.02,9.45
2026-08-19,Lyft,170105,4297913.32,3266850.27,231090.52,166899,4.11,7.72
2026-08-19,Uber,438441,12373401.37,9326896.14,563070.75,429147,3.94,9.35
2026-08-20,Lyft,188373,4803387.86,3534433.8,265758.17,185138,4.81,10.86
2026-08-20,Uber,529077,16026798.29,12095828.77,707988.05,518162,4.7,11.38
2026-08-21,Lyft,196985,5056059.33,3905732.12,269690.44,193744,4.36,8.4
2026-08-21,Uber,493813,13656835.96,10921103.45,589346.24,484032,4.17,10.05
2026-08-22,Lyft,207136,5098734.49,3948530.63,263552.53,204963,4.39,8.39
2026-08-22,Uber,523474,13440051.66,10935823.75,535004.5,516880,4.25,10.12
2026-08-23,Lyft,188729,4755199.82,3631101.13,246786.28,186893,4.66,9.2
2026-08-23,Uber,453685,12167845.46,9686702.31,470855.55,447464,4.59,11.11
2026-08-24,Lyft,142098,3558875.54,2716372.27,198018.86,139169,4.14,7.88
2026-08-24,Uber,409854,10911335.62,8684827.29,477492.8,400849,4.1,9.89
2026-08-25,Lyft,148778,3721151.52,2840873.02,205258.41,145802,4.05,7.59
2026-08-25,Uber,409132,11388774.57,8837929.68,512820.04,400692,3.93,9.46
2026-08-26,Lyft,161350,4105888.01,3119273.73,222908.54,158201,4.06,7.58
2026-08-26,Uber,435124,12220401.17,9457270.93,546459.21,426459,3.89,9.3
2026-08-27,Lyft,180019,4561695.4,3434060.23,250414.59,176757,4.24,8.2
2026-08-27,Uber,502428,13851727.69,10797156.65,609791.78,492762,4.09,9.88
2026-08-28,Lyft,195895,5112220.56,3917689.69,277846.24,192761,4.37,8.36
2026-08-28,Uber,519370,14299323.75,11365351.4,614920.24,509660,4.17,9.99
2026-08-29,Lyft,209032,5371782.93,4135668.27,282192.68,207015,4.61,8.94
2026-08-29,Uber,554299,14574238.94,11899610.22,578341.03,547995,4.53,10.77
2026-08-30,Lyft,192367,4984189.57,3791630.49,260321.36,190410,4.72,9.32
2026-08-30,Uber,477650,12876148.34,10278508.55,502503.93,471447,4.67,11.11
2026-08-31,Lyft,151704,3920233.33,2963439.78,218330.89,148731,4.27,8.33
2026-08-31,Uber,435704,11780298.5,9324279.89,527731.49,426517,4.16,10.1
