month,rows,rule,failing
2025-09,19434641,ACC-01,10
2025-10,21308701,ACC-01,11
2025-11,20818240,ACC-01,19
2025-12,22108438,ACC-01,11
2026-01,20940373,ACC-01,29
2026-02,19875686,ACC-01,10
2026-03,22058358,ACC-01,16
2026-04,20995953,ACC-01,16
2026-05,22125744,ACC-01,18
2026-06,20775868,ACC-01,14
2026-07,20921249,ACC-01,16
2026-08,20493480,ACC-01,22
2025-09,19434641,ACC-02,1893
2025-10,21308701,ACC-02,1959
2025-11,20818240,ACC-02,1841
2025-12,22108438,ACC-02,1764
2026-01,20940373,ACC-02,1627
2026-02,19875686,ACC-02,1552
2026-03,22058358,ACC-02,1773
2026-04,20995953,ACC-02,1555
2026-05,22125744,ACC-02,2213
2026-06,20775868,ACC-02,2514
2026-07,20921249,ACC-02,3591
2026-08,20493480,ACC-02,3017
2025-09,19434641,ACC-03,79
2025-10,21308701,ACC-03,223
2025-11,20818240,ACC-03,111
2025-12,22108438,ACC-03,189
2026-01,20940373,ACC-03,147
2026-02,19875686,ACC-03,86
2026-03,22058358,ACC-03,119
2026-04,20995953,ACC-03,70
2026-05,22125744,ACC-03,97
2026-06,20775868,ACC-03,376
2026-07,20921249,ACC-03,71
2026-08,20493480,ACC-03,42
2025-09,19434641,ACC-04,1561153
2025-10,21308701,ACC-04,2280585
2025-11,20818240,ACC-04,1892172
2025-12,22108438,ACC-04,2171840
2026-01,20940373,ACC-04,2038490
2026-02,19875686,ACC-04,1920575
2026-03,22058358,ACC-04,1991603
2026-04,20995953,ACC-04,1785826
2026-05,22125744,ACC-04,1700565
2026-06,20775868,ACC-04,1738416
2026-07,20921249,ACC-04,1980889
2026-08,20493480,ACC-04,1986093
2025-09,19434641,CMP-01,950220
2025-10,21308701,CMP-01,990687
2025-11,20818240,CMP-01,966851
2025-12,22108438,CMP-01,1005799
2026-01,20940373,CMP-01,848775
2026-02,19875686,CMP-01,822914
2026-03,22058358,CMP-01,953264
2026-04,20995953,CMP-01,931784
2026-05,22125744,CMP-01,1019763
2026-06,20775868,CMP-01,988628
2026-07,20921249,CMP-01,979200
2026-08,20493480,CMP-01,967300
2025-09,19434641,CMP-02,0
2025-10,21308701,CMP-02,0
2025-11,20818240,CMP-02,0
2025-12,22108438,CMP-02,0
2026-01,20940373,CMP-02,0
2026-02,19875686,CMP-02,0
2026-03,22058358,CMP-02,0
2026-04,20995953,CMP-02,0
2026-05,22125744,CMP-02,0
2026-06,20775868,CMP-02,0
2026-07,20921249,CMP-02,0
2026-08,20493480,CMP-02,1
2025-09,19434641,CMP-03,5368286
2025-10,21308701,CMP-03,5818199
2025-11,20818240,CMP-03,5889854
2025-12,22108438,CMP-03,6114386
2026-01,20940373,CMP-03,5676843
2026-02,19875686,CMP-03,5691209
2026-03,22058358,CMP-03,6079600
2026-04,20995953,CMP-03,5594175
2026-05,22125744,CMP-03,6744246
2026-06,20775868,CMP-03,5495740
2026-07,20921249,CMP-03,5682699
2026-08,20493480,CMP-03,5669045
2025-09,19434641,CON-01,719
2025-10,21308701,CON-01,739
2025-11,20818240,CON-01,13044
2025-12,22108438,CON-01,693
2026-01,20940373,CON-01,1333
2026-02,19875686,CON-01,631
2026-03,22058358,CON-01,10179
2026-04,20995953,CON-01,561
2026-05,22125744,CON-01,996116
2026-06,20775868,CON-01,581494
2026-07,20921249,CON-01,622261
2026-08,20493480,CON-01,605918
2025-09,19434641,CON-02,248139
2025-10,21308701,CON-02,263537
2025-11,20818240,CON-02,256324
2025-12,22108438,CON-02,289156
2026-01,20940373,CON-02,267757
2026-02,19875686,CON-02,280622
2026-03,22058358,CON-02,294808
2026-04,20995953,CON-02,268958
2026-05,22125744,CON-02,275536
2026-06,20775868,CON-02,260908
2026-07,20921249,CON-02,246534
2026-08,20493480,CON-02,233555
2025-09,19434641,CON-03,322989
2025-10,21308701,CON-03,348025
2025-11,20818240,CON-03,343515
2025-12,22108438,CON-03,402041
2026-01,20940373,CON-03,356754
2026-02,19875686,CON-03,384263
2026-03,22058358,CON-03,400904
2026-04,20995953,CON-03,361666
2026-05,22125744,CON-03,402563
2026-06,20775868,CON-03,385049
2026-07,20921249,CON-03,366752
2026-08,20493480,CON-03,356072
2025-09,19434641,CON-04,667
2025-10,21308701,CON-04,731
2025-11,20818240,CON-04,1160
2025-12,22108438,CON-04,911
2026-01,20940373,CON-04,694
2026-02,19875686,CON-04,660
2026-03,22058358,CON-04,631
2026-04,20995953,CON-04,664
2026-05,22125744,CON-04,572
2026-06,20775868,CON-04,579
2026-07,20921249,CON-04,498
2026-08,20493480,CON-04,227
2025-09,19434641,TML-01,0
2025-10,21308701,TML-01,0
2025-11,20818240,TML-01,0
2025-12,22108438,TML-01,0
2026-01,20940373,TML-01,0
2026-02,19875686,TML-01,0
2026-03,22058358,TML-01,0
2026-04,20995953,TML-01,0
2026-05,22125744,TML-01,0
2026-06,20775868,TML-01,0
2026-07,20921249,TML-01,0
2026-08,20493480,TML-01,0
2025-09,19434641,UNQ-01,0
2025-10,21308701,UNQ-01,15
2025-11,20818240,UNQ-01,0
2025-12,22108438,UNQ-01,1
2026-01,20940373,UNQ-01,0
2026-02,19875686,UNQ-01,0
2026-03,22058358,UNQ-01,1
2026-04,20995953,UNQ-01,0
2026-05,22125744,UNQ-01,0
2026-06,20775868,UNQ-01,0
2026-07,20921249,UNQ-01,0
2026-08,20493480,UNQ-01,0
2025-09,19434641,VAL-01,1042
2025-10,21308701,VAL-01,1765
2025-11,20818240,VAL-01,1940
2025-12,22108438,VAL-01,3020
2026-01,20940373,VAL-01,29965
2026-02,19875686,VAL-01,4145
2026-03,22058358,VAL-01,5669
2026-04,20995953,VAL-01,5436
2026-05,22125744,VAL-01,7728
2026-06,20775868,VAL-01,6750
2026-07,20921249,VAL-01,4326
2026-08,20493480,VAL-01,1142
2025-09,19434641,VAL-02,26
2025-10,21308701,VAL-02,63
2025-11,20818240,VAL-02,1
2025-12,22108438,VAL-02,10
2026-01,20940373,VAL-02,56
2026-02,19875686,VAL-02,3
2026-03,22058358,VAL-02,9
2026-04,20995953,VAL-02,7
2026-05,22125744,VAL-02,6
2026-06,20775868,VAL-02,8
2026-07,20921249,VAL-02,5
2026-08,20493480,VAL-02,1
2025-09,19434641,VAL-03,0
2025-10,21308701,VAL-03,1
2025-11,20818240,VAL-03,12206
2025-12,22108438,VAL-03,3
2026-01,20940373,VAL-03,1
2026-02,19875686,VAL-03,0
2026-03,22058358,VAL-03,1
2026-04,20995953,VAL-03,0
2026-05,22125744,VAL-03,0
2026-06,20775868,VAL-03,2
2026-07,20921249,VAL-03,2
2026-08,20493480,VAL-03,0
2025-09,19434641,VAL-04,0
2025-10,21308701,VAL-04,0
2025-11,20818240,VAL-04,0
2025-12,22108438,VAL-04,0
2026-01,20940373,VAL-04,0
2026-02,19875686,VAL-04,0
2026-03,22058358,VAL-04,0
2026-04,20995953,VAL-04,0
2026-05,22125744,VAL-04,0
2026-06,20775868,VAL-04,0
2026-07,20921249,VAL-04,0
2026-08,20493480,VAL-04,0
