month,company,trips,fares,driver_pay,tips,pay_above_fare
2025-09,Lyft,5387601,145166103.0,112800090.0,7356486.0,168079
2025-09,Uber,14047040,412236558.0,315478577.0,17840917.0,1393074
2025-10,Lyft,5838529,150247848.0,122248706.0,7997178.0,298618
2025-10,Uber,15470172,430235887.0,338421687.0,20429391.0,1981967
2025-11,Lyft,5909784,152070383.0,122245826.0,7752467.0,260130
2025-11,Uber,14908456,410879492.0,319662474.0,18021305.0,1632042
2025-12,Lyft,6134710,156248166.0,122736681.0,8562903.0,381967
2025-12,Uber,15973728,457085985.0,350108040.0,21104100.0,1789873
2026-01,Lyft,5694742,138726018.0,108684607.0,7244955.0,339070
2026-01,Uber,15245631,398471841.0,306552940.0,17126185.0,1699420
2026-02,Lyft,5708725,139622244.0,108859205.0,7064696.0,392228
2026-02,Uber,14166961,389697480.0,299202637.0,16563071.0,1528347
2026-03,Lyft,6102183,160869802.0,119473521.0,8031894.0,179326
2026-03,Uber,15956175,448022254.0,341087177.0,19008793.0,1812277
2026-04,Lyft,5617095,146788800.0,111287803.0,7653339.0,140443
2026-04,Uber,15378858,425182929.0,327257955.0,18962930.0,1645383
2026-05,Lyft,6770928,182075331.0,141208162.0,9286202.0,225479
2026-05,Uber,15354816,452558605.0,344085141.0,20270150.0,1475086
2026-06,Lyft,5518128,149766169.0,112460140.0,8002907.0,139870
2026-06,Uber,15257740,448606527.0,344510449.0,19672803.0,1598546
2026-07,Lyft,5705875,149406667.0,112571893.0,7881662.0,131130
2026-07,Uber,15215374,423550759.0,328250194.0,18413219.0,1849759
2026-08,Lyft,5693422,146087894.0,110992944.0,7778982.0,128166
2026-08,Uber,14800058,406406635.0,317668955.0,17384283.0,1857927
