dow,hour,trips,wait_median
1,0,71886,5.24
1,1,46066,4.97
1,2,30740,5.05
1,3,25797,5.32
1,4,34350,6.34
1,5,51358,5.76
1,6,82668,5.2
1,7,120253,4.84
1,8,146055,4.65
1,9,130397,4.09
1,10,108898,3.74
1,11,101660,3.71
1,12,102765,3.82
1,13,105746,3.93
1,14,113072,4.04
1,15,118639,3.96
1,16,120374,3.94
1,17,135524,4.17
1,18,133944,4.16
1,19,113948,3.79
1,20,110704,3.92
1,21,107757,4.1
1,22,98844,4.33
1,23,83858,4.61
2,0,59353,4.61
2,1,36342,4.49
2,2,23719,4.57
2,3,20522,4.89
2,4,29150,5.42
2,5,47076,4.81
2,6,80058,4.45
2,7,117132,4.21
2,8,149079,4.47
2,9,135519,4.16
2,10,110822,3.8
2,11,104043,3.78
2,12,104421,3.86
2,13,108222,3.98
2,14,115570,3.98
2,15,118727,3.9
2,16,123174,3.88
2,17,137119,3.97
2,18,135255,3.74
2,19,122717,3.6
2,20,120954,3.81
2,21,121888,4.19
2,22,115513,4.64
2,23,96042,4.53
3,0,65283,4.26
3,1,41140,4.2
3,2,26911,4.38
3,3,22945,4.86
3,4,30977,5.22
3,5,47376,4.81
3,6,78768,4.28
3,7,117257,4.15
3,8,150273,4.39
3,9,136998,4.13
3,10,113806,3.82
3,11,107143,3.74
3,12,109530,3.86
3,13,112418,3.97
3,14,120443,3.99
3,15,124714,3.89
3,16,132001,3.86
3,17,148665,4.06
3,18,152806,3.99
3,19,137492,3.74
3,20,131711,3.82
3,21,132185,4.09
3,22,126581,4.46
3,23,107363,4.55
4,0,75609,4.23
4,1,46239,4.09
4,2,31502,4.33
4,3,26212,4.8
4,4,34378,5.34
4,5,51011,5.05
4,6,82138,4.46
4,7,121623,4.23
4,8,155916,4.39
4,9,141883,4.03
4,10,123838,3.76
4,11,114363,3.71
4,12,117017,3.82
4,13,130424,4.09
4,14,133917,4.04
4,15,137634,3.93
4,16,151492,4.13
4,17,174541,4.61
4,18,179684,4.83
4,19,168268,4.52
4,20,150393,4.41
4,21,141966,4.25
4,22,144265,4.83
4,23,121366,4.79
5,0,90386,4.39
5,1,60522,4.23
5,2,41705,4.57
5,3,33603,4.75
5,4,40038,5.39
5,5,53580,5.35
5,6,83095,4.79
5,7,118083,4.43
5,8,146324,4.37
5,9,136707,3.97
5,10,122745,3.81
5,11,119087,3.91
5,12,122728,4.32
5,13,129329,4.69
5,14,138597,4.6
5,15,144149,4.28
5,16,152373,4.19
5,17,168204,4.32
5,18,184463,4.67
5,19,182609,4.64
5,20,158609,4.24
5,21,149669,4.01
5,22,163516,4.38
5,23,164738,4.87
6,0,142635,4.85
6,1,115138,4.57
6,2,90195,4.82
6,3,69779,5.14
6,4,58524,5.72
6,5,49302,4.95
6,6,61759,4.73
6,7,75507,4.38
6,8,90081,4.07
6,9,107879,4.02
6,10,117343,4.06
6,11,125534,4.18
6,12,128226,4.38
6,13,134133,4.61
6,14,141143,4.62
6,15,148553,4.53
6,16,158388,4.46
6,17,162804,4.43
6,18,171177,4.34
6,19,170803,4.36
6,20,167327,4.66
6,21,166725,4.62
6,22,178670,5.08
6,23,178416,5.6
7,0,159570,5.41
7,1,131144,5.11
7,2,102896,5.28
7,3,79536,5.55
7,4,64318,6.52
7,5,50301,5.44
7,6,58567,5.35
7,7,70220,4.88
7,8,75612,4.06
7,9,97048,4.05
7,10,114247,4.21
7,11,120356,4.25
7,12,123689,4.39
7,13,125379,4.64
7,14,133845,4.78
7,15,138714,4.67
7,16,135519,4.5
7,17,134894,4.42
7,18,135137,4.33
7,19,128243,4.43
7,20,132096,5.04
7,21,126351,5.01
7,22,121492,5.89
7,23,98473,5.51
