zone,hour,trips,wait_median
1,14,1,
2,0,1,11.13
2,1,1,39.68
2,2,1,12.7
2,6,1,2.98
2,8,2,12.73
2,9,5,6.85
2,10,4,6.73
2,11,4,5.99
2,12,9,7.6
2,13,6,7.03
2,14,6,6.88
2,15,7,9.17
2,16,4,31.53
2,17,1,3.4
2,18,2,9.01
2,19,10,8.01
2,20,4,16.65
2,21,5,6.55
2,22,2,6.05
2,23,1,6.57
3,0,1052,5.28
3,1,669,4.98
3,2,490,5.37
3,3,362,5.46
3,4,570,6.42
3,5,880,5.56
3,6,1675,5.18
3,7,2536,4.55
3,8,2884,4.66
3,9,2719,4.2
3,10,2341,3.88
3,11,2218,3.83
3,12,2202,3.84
3,13,2251,4.01
3,14,2583,4.02
3,15,2619,3.77
3,16,2333,3.77
3,17,2456,4.0
3,18,2399,4.17
3,19,2089,4.46
3,20,1981,4.79
3,21,1724,4.86
3,22,1880,5.65
3,23,2126,6.17
4,0,2573,4.8
4,1,2359,4.87
4,2,1859,5.05
4,3,1098,5.2
4,4,993,5.48
4,5,1104,5.61
4,6,1479,5.17
4,7,1887,5.35
4,8,2430,5.85
4,9,2535,4.72
4,10,2064,3.82
4,11,1826,3.98
4,12,1711,4.06
4,13,1740,4.3
4,14,1745,4.39
4,15,1721,4.29
4,16,1827,4.28
4,17,2116,4.11
4,18,2394,4.09
4,19,2480,3.96
4,20,2223,3.87
4,21,2172,3.62
4,22,2446,3.92
4,23,2577,3.97
5,0,78,8.78
5,1,63,7.13
5,2,78,7.1
5,3,76,8.18
5,4,82,8.22
5,5,199,8.04
5,6,328,6.64
5,7,366,5.73
5,8,368,6.42
5,9,389,6.16
5,10,312,5.26
5,11,286,5.46
5,12,305,5.5
5,13,308,5.58
5,14,312,5.46
5,15,318,5.37
5,16,245,5.31
5,17,267,6.04
5,18,213,5.32
5,19,213,6.17
5,20,212,7.18
5,21,160,6.63
5,22,151,8.8
5,23,129,7.93
6,0,287,6.73
6,1,215,6.99
6,2,119,7.17
6,3,102,7.1
6,4,152,6.14
6,5,234,7.82
6,6,375,6.35
6,7,585,5.46
6,8,869,5.22
6,9,766,4.61
6,10,736,4.37
6,11,638,4.47
6,12,577,4.74
6,13,565,4.6
6,14,649,5.0
6,15,625,5.03
6,16,591,4.56
6,17,631,5.05
6,18,579,5.49
6,19,484,5.36
6,20,412,5.71
6,21,434,5.91
6,22,421,6.9
6,23,344,7.44
7,0,6916,3.88
7,1,5469,3.56
7,2,4419,3.88
7,3,3801,4.45
7,4,4476,5.31
7,5,4706,3.76
7,6,6670,3.51
7,7,7382,3.43
7,8,8936,3.57
7,9,8272,3.46
7,10,7530,3.42
7,11,7209,3.45
7,12,7309,3.49
7,13,7538,3.5
7,14,8096,3.47
7,15,8307,3.44
7,16,8914,3.42
7,17,9746,3.5
7,18,11084,3.83
7,19,9568,3.88
7,20,8898,3.75
7,21,8764,3.58
7,22,9060,3.8
7,23,8126,3.98
8,0,24,4.87
8,1,11,5.58
8,2,11,4.65
8,3,4,4.15
8,4,4,4.32
8,5,6,3.38
8,6,13,4.92
8,7,8,4.49
8,8,36,3.08
8,9,45,3.85
8,10,27,3.28
8,11,47,3.42
8,12,71,3.28
8,13,78,3.22
8,14,93,2.85
8,15,124,3.66
8,16,96,3.62
8,17,84,3.33
8,18,137,4.15
8,19,119,4.26
8,20,131,3.9
8,21,69,4.62
8,22,82,4.6
8,23,44,5.15
9,0,359,5.09
9,1,344,5.96
9,2,197,5.86
9,3,203,6.11
9,4,289,6.18
9,5,303,5.8
9,6,534,5.2
9,7,770,4.44
9,8,1286,4.36
9,9,999,3.99
9,10,1037,3.87
9,11,993,3.79
9,12,918,3.96
9,13,936,3.98
9,14,1047,4.22
9,15,1087,4.03
9,16,1041,4.01
9,17,984,4.21
9,18,948,4.0
9,19,830,4.29
9,20,684,4.66
9,21,614,4.78
9,22,583,5.57
9,23,523,5.56
10,0,1592,5.75
10,1,1105,5.86
10,2,853,5.92
10,3,1024,5.49
10,4,1664,5.36
10,5,2210,4.96
10,6,3161,4.46
10,7,4312,4.43
10,8,4667,4.58
10,9,4182,4.36
10,10,3412,4.09
10,11,3322,4.24
10,12,3217,4.15
10,13,3307,4.23
10,14,3373,4.0
10,15,3183,4.0
10,16,3225,3.9
10,17,3082,3.87
10,18,2916,3.94
10,19,2693,4.2
10,20,2512,4.35
10,21,2368,4.56
10,22,2443,5.22
10,23,2221,5.81
11,0,522,4.9
11,1,311,4.48
11,2,251,5.41
11,3,228,4.89
11,4,352,4.88
11,5,425,4.49
11,6,742,3.79
11,7,1232,3.98
11,8,1811,3.87
11,9,1662,3.99
11,10,1169,3.74
11,11,1091,3.79
11,12,1119,4.0
11,13,1129,3.99
11,14,1188,3.81
11,15,1137,3.83
11,16,1150,3.79
11,17,1194,3.74
11,18,1295,3.97
11,19,1035,4.08
11,20,1019,4.26
11,21,875,4.3
11,22,878,5.03
11,23,738,5.44
12,0,40,4.93
12,1,21,4.45
12,2,15,2.78
12,3,10,4.35
12,4,4,6.58
12,5,10,4.9
12,6,16,3.72
12,7,16,3.96
12,8,31,3.58
12,9,34,2.73
12,10,80,3.08
12,11,116,3.77
12,12,223,3.7
12,13,259,4.04
12,14,286,4.36
12,15,279,4.61
12,16,330,4.74
12,17,289,5.73
12,18,257,5.24
12,19,112,5.0
12,20,80,4.47
12,21,59,4.13
12,22,67,4.97
12,23,48,4.96
13,0,1845,3.97
13,1,1338,3.98
13,2,953,3.82
13,3,708,3.77
13,4,722,4.74
13,5,988,5.23
13,6,1515,4.03
13,7,2546,3.5
13,8,3330,3.2
13,9,3096,3.12
13,10,2643,3.13
13,11,2894,3.16
13,12,2874,3.29
13,13,3029,3.46
13,14,3047,3.47
13,15,3058,3.53
13,16,3911,3.68
13,17,5040,4.32
13,18,4967,4.42
13,19,4148,3.85
13,20,4616,4.07
13,21,5590,4.5
13,22,3760,4.29
13,23,2463,4.18
14,0,2452,4.74
14,1,1774,4.72
14,2,1418,4.98
14,3,1078,5.1
14,4,1201,4.99
14,5,1925,4.54
14,6,3339,3.8
14,7,4642,3.7
14,8,6437,3.73
14,9,5950,3.63
14,10,5302,3.6
14,11,4941,3.65
14,12,5147,3.77
14,13,5130,3.97
14,14,5231,3.73
14,15,5262,3.58
14,16,5757,3.68
14,17,5957,3.72
14,18,6278,3.92
14,19,5349,3.9
14,20,4755,4.26
14,21,4304,4.4
14,22,3962,4.76
14,23,3240,4.86
15,0,246,6.6
15,1,200,7.07
15,2,142,7.2
15,3,95,7.38
15,4,184,6.43
15,5,306,7.01
15,6,422,6.81
15,7,721,5.3
15,8,1023,5.2
15,9,898,4.83
15,10,807,5.05
15,11,761,4.93
15,12,841,4.87
15,13,855,5.06
15,14,950,5.19
15,15,958,5.32
15,16,1045,4.97
15,17,939,5.53
15,18,865,5.6
15,19,712,5.8
15,20,629,6.19
15,21,571,6.45
15,22,530,7.16
15,23,354,7.36
16,0,1402,5.51
16,1,1320,5.71
16,2,1009,5.74
16,3,752,5.33
16,4,663,6.07
16,5,710,5.72
16,6,1210,5.39
16,7,1585,4.41
16,8,2320,4.1
16,9,2078,3.87
16,10,1822,4.01
16,11,1792,3.95
16,12,1954,4.09
16,13,1954,4.1
16,14,2037,4.21
16,15,2169,4.09
16,16,2147,4.04
16,17,2418,4.19
16,18,2320,4.33
16,19,1947,4.3
16,20,1735,4.24
16,21,1545,4.56
16,22,1729,5.3
16,23,1619,5.23
17,0,5724,4.25
17,1,3834,3.87
17,2,2793,4.0
17,3,1976,4.57
17,4,2133,5.69
17,5,2486,6.49
17,6,3364,7.07
17,7,4935,6.15
17,8,6087,6.29
17,9,6482,5.73
17,10,6934,4.88
17,11,6601,4.58
17,12,6446,4.88
17,13,6541,5.48
17,14,6997,5.12
17,15,7309,4.87
17,16,7667,4.52
17,17,8598,4.55
17,18,9109,4.54
17,19,8849,4.37
17,20,8132,4.31
17,21,7548,4.04
17,22,8173,4.26
17,23,7445,4.54
18,0,3113,4.7
18,1,2117,4.63
18,2,1515,4.5
18,3,1157,4.92
18,4,1438,5.51
18,5,1975,4.81
18,6,3226,4.8
18,7,4814,4.86
18,8,5867,4.62
18,9,5210,4.23
18,10,4323,4.16
18,11,4150,4.1
18,12,4016,4.33
18,13,4333,4.79
18,14,4725,5.03
18,15,4850,4.87
18,16,4695,4.6
18,17,5270,5.09
18,18,5036,4.85
18,19,4875,4.82
18,20,4531,5.14
18,21,3943,4.74
18,22,3909,4.96
18,23,3543,5.22
19,0,419,7.31
19,1,245,6.9
19,2,204,6.68
19,3,182,7.15
19,4,265,6.8
19,5,393,6.18
19,6,652,5.4
19,7,1207,5.36
19,8,1359,5.21
19,9,1139,4.6
19,10,989,4.63
19,11,917,4.91
19,12,878,4.97
19,13,956,5.2
19,14,1042,5.21
19,15,1072,4.95
19,16,1062,4.97
19,17,1019,5.28
19,18,885,5.06
19,19,783,5.1
19,20,681,5.43
19,21,606,5.86
19,22,557,6.45
19,23,559,7.73
20,0,1955,4.72
20,1,1301,4.51
20,2,882,4.63
20,3,705,4.91
20,4,710,5.69
20,5,1043,5.05
20,6,1885,4.85
20,7,2520,5.04
20,8,3121,4.44
20,9,2729,3.88
20,10,2315,3.67
20,11,2407,3.94
20,12,2369,4.05
20,13,2577,4.57
20,14,2889,4.87
20,15,3236,4.57
20,16,3263,4.52
20,17,3497,4.62
20,18,3453,4.41
20,19,3105,4.41
20,20,3045,4.69
20,21,2952,4.67
20,22,2618,4.83
20,23,2349,5.18
21,0,1283,4.67
21,1,1000,4.86
21,2,792,4.77
21,3,714,5.36
21,4,870,5.06
21,5,1001,4.38
21,6,1587,3.93
21,7,2578,3.97
21,8,3520,3.95
21,9,3190,3.92
21,10,2751,3.75
21,11,2567,3.81
21,12,2535,3.87
21,13,2523,3.99
21,14,2578,3.82
21,15,2584,3.75
21,16,2607,3.77
21,17,2995,3.83
21,18,2916,3.96
21,19,2538,4.05
21,20,2203,4.29
21,21,1898,4.42
21,22,1860,4.87
21,23,1466,4.89
22,0,1567,4.64
22,1,1084,4.57
22,2,778,4.71
22,3,698,5.05
22,4,881,4.9
22,5,1237,4.32
22,6,2171,3.97
22,7,3509,3.94
22,8,4799,4.18
22,9,4528,4.09
22,10,3635,3.96
22,11,3245,3.95
22,12,3316,3.95
22,13,3537,4.11
22,14,3628,3.92
22,15,3614,3.75
22,16,3640,3.8
22,17,4040,3.92
22,18,4119,4.17
22,19,3856,4.25
22,20,3538,4.38
22,21,3384,4.42
22,22,3162,5.21
22,23,2595,5.1
23,0,656,6.97
23,1,344,6.48
23,2,285,8.24
23,3,332,8.44
23,4,484,8.02
23,5,872,9.31
23,6,1054,6.24
23,7,1391,5.06
23,8,1455,4.86
23,9,1664,4.58
23,10,1413,4.86
23,11,1616,5.04
23,12,1574,5.27
23,13,1552,5.14
23,14,1832,5.13
23,15,1939,5.12
23,16,1971,5.43
23,17,1966,5.89
23,18,1558,5.26
23,19,1080,4.88
23,20,1089,5.93
23,21,1045,6.1
23,22,965,6.77
23,23,986,7.65
24,0,714,4.36
24,1,543,4.03
24,2,382,4.6
24,3,316,4.46
24,4,362,5.69
24,5,436,5.86
24,6,807,4.69
24,7,1114,3.85
24,8,1387,4.02
24,9,1337,3.67
24,10,1115,3.41
24,11,1084,3.54
24,12,1045,4.06
24,13,1177,4.39
24,14,1151,4.29
24,15,1113,4.07
24,16,1131,4.08
24,17,1190,4.26
24,18,1301,4.17
24,19,1266,4.07
24,20,1122,4.33
24,21,1062,4.25
24,22,1040,4.23
24,23,826,4.41
25,0,4152,4.43
25,1,3299,4.29
25,2,2462,4.76
25,3,1620,4.86
25,4,1345,5.32
25,5,1706,4.97
25,6,2674,4.72
25,7,3392,4.14
25,8,4395,4.48
25,9,4950,4.06
25,10,4767,3.7
25,11,4706,3.93
25,12,4804,4.21
25,13,4614,4.39
25,14,4747,4.42
25,15,5360,4.37
25,16,5472,4.35
25,17,6135,4.5
25,18,6574,4.47
25,19,6074,3.98
25,20,5664,4.18
25,21,5456,4.19
25,22,5638,4.77
25,23,5404,4.94
26,0,1640,4.97
26,1,1047,4.93
26,2,696,4.97
26,3,560,5.38
26,4,637,6.12
26,5,693,4.65
26,6,1290,4.66
26,7,2523,3.94
26,8,3621,4.21
26,9,4755,4.23
26,10,5184,4.31
26,11,4654,4.4
26,12,4815,4.55
26,13,5144,4.9
26,14,5235,4.65
26,15,5337,4.52
26,16,5465,4.64
26,17,5444,4.81
26,18,5034,4.79
26,19,4626,4.54
26,20,3521,4.89
26,21,3162,4.84
26,22,3048,5.21
26,23,2913,5.37
27,0,116,10.78
27,1,65,8.28
27,2,66,11.07
27,3,70,12.75
27,4,32,9.78
27,5,17,12.25
27,6,34,8.75
27,7,28,15.23
27,8,37,10.22
27,9,49,9.58
27,10,72,7.16
27,11,88,7.07
27,12,127,7.13
27,13,141,5.57
27,14,153,6.34
27,15,245,6.85
27,16,339,9.22
27,17,389,9.83
27,18,370,9.79
27,19,352,10.99
27,20,282,12.29
27,21,192,11.36
27,22,180,13.24
27,23,112,11.45
28,0,1023,5.66
28,1,746,5.58
28,2,529,5.36
28,3,572,5.33
28,4,978,5.93
28,5,1326,5.05
28,6,2198,4.48
28,7,2910,4.24
28,8,3698,4.12
28,9,3249,4.0
28,10,2765,4.11
28,11,2526,4.38
28,12,2511,4.51
28,13,2553,4.61
28,14,2583,4.4
28,15,2523,4.42
28,16,2290,4.39
28,17,2391,4.57
28,18,2631,4.7
28,19,2182,4.78
28,20,1890,4.7
28,21,1754,4.9
28,22,1551,5.54
28,23,1522,5.9
29,0,1213,6.09
29,1,656,5.46
29,2,523,4.85
29,3,440,4.99
29,4,367,4.69
29,5,526,4.23
29,6,761,3.91
29,7,1674,3.82
29,8,2519,3.71
29,9,2465,3.73
29,10,2125,3.82
29,11,2096,3.77
29,12,2243,3.95
29,13,2402,3.97
29,14,2453,3.94
29,15,2620,3.95
29,16,2787,4.05
29,17,2734,4.01
29,18,2619,4.07
29,19,2697,4.19
29,20,2225,4.27
29,21,1766,4.61
29,22,1627,5.18
29,23,1446,5.26
30,0,106,9.03
30,1,59,9.47
30,2,36,9.5
30,3,36,10.63
30,4,28,11.65
30,5,20,12.79
30,6,25,10.95
30,7,25,5.45
30,8,31,10.83
30,9,31,10.96
30,10,37,10.48
30,11,58,7.67
30,12,69,6.23
30,13,72,7.87
30,14,64,7.43
30,15,70,7.18
30,16,73,6.95
30,17,111,7.53
30,18,117,6.53
30,19,102,6.38
30,20,108,6.66
30,21,103,8.82
30,22,106,11.73
30,23,99,9.27
31,0,265,4.74
31,1,154,5.02
31,2,66,4.1
31,3,57,5.7
31,4,63,7.48
31,5,106,5.25
31,6,146,5.07
31,7,198,4.49
31,8,276,5.24
31,9,245,4.58
31,10,186,4.22
31,11,223,4.13
31,12,316,4.48
31,13,438,5.24
31,14,592,5.43
31,15,759,4.83
31,16,923,4.75
31,17,1111,5.34
31,18,611,4.59
31,19,300,4.41
31,20,291,5.23
31,21,258,4.75
31,22,249,5.73
31,23,266,6.06
32,0,1236,4.92
32,1,837,5.06
32,2,608,4.94
32,3,591,5.47
32,4,714,6.48
32,5,1075,5.71
32,6,1856,5.55
32,7,2622,5.29
32,8,3337,5.38
32,9,2971,4.7
32,10,2465,4.24
32,11,2253,3.86
32,12,2219,4.13
32,13,2245,4.36
32,14,2463,4.27
32,15,2397,4.09
32,16,2213,3.95
32,17,2604,4.08
32,18,2455,4.07
32,19,2173,4.28
32,20,2104,4.61
32,21,1947,4.78
32,22,2001,5.29
32,23,1947,5.2
33,0,2152,4.74
33,1,1178,4.03
33,2,553,3.97
33,3,449,4.57
33,4,640,4.52
33,5,1111,4.55
33,6,1739,4.16
33,7,2544,3.97
33,8,3663,4.08
33,9,4078,3.6
33,10,3952,3.3
33,11,4138,3.54
33,12,4208,3.73
33,13,4196,3.94
33,14,4293,4.07
33,15,4459,3.96
33,16,4780,4.07
33,17,5195,4.32
33,18,5662,4.44
33,19,5577,3.94
33,20,5072,4.2
33,21,4901,4.4
33,22,4709,5.35
33,23,3365,5.58
34,0,302,4.8
34,1,257,4.47
34,2,277,4.91
34,3,285,5.32
34,4,300,6.29
34,5,151,6.51
34,6,129,6.37
34,7,187,5.67
34,8,283,5.39
34,9,392,4.31
34,10,510,4.08
34,11,621,4.22
34,12,679,4.58
34,13,682,4.61
34,14,786,4.88
34,15,928,4.56
34,16,1179,4.45
34,17,1350,4.82
34,18,1407,4.86
34,19,1054,4.26
34,20,739,4.34
34,21,648,3.77
34,22,595,4.95
34,23,529,4.97
35,0,3947,5.06
35,1,2769,5.08
35,2,2216,5.34
35,3,1902,5.77
35,4,1958,7.27
35,5,2382,7.18
35,6,3559,6.81
35,7,5901,6.65
35,8,6595,6.48
35,9,5637,5.98
35,10,5208,5.34
35,11,5145,5.21
35,12,5361,5.72
35,13,5624,6.35
35,14,6484,6.32
35,15,6746,5.31
35,16,7166,4.87
35,17,7058,5.03
35,18,6742,5.13
35,19,6053,5.23
35,20,5777,5.43
35,21,5353,5.55
35,22,5372,5.73
35,23,4882,5.67
36,0,9712,4.07
36,1,8674,4.54
36,2,7130,6.32
36,3,5892,7.42
36,4,4872,8.03
36,5,3186,6.24
36,6,3123,6.06
36,7,3688,5.02
36,8,4220,4.78
36,9,4448,4.68
36,10,4337,4.35
36,11,4446,4.13
36,12,4320,4.36
36,13,4732,4.71
36,14,5097,4.44
36,15,5485,4.1
36,16,6058,3.89
36,17,6522,3.85
36,18,7612,3.91
36,19,7982,4.02
36,20,7716,3.87
36,21,8045,3.77
36,22,9848,4.19
36,23,10348,3.92
37,0,10936,4.18
37,1,9744,4.19
37,2,8699,5.49
37,3,7174,6.55
37,4,6053,7.16
37,5,5465,6.02
37,6,5688,6.22
37,7,7140,5.5
37,8,7899,5.41
37,9,7662,5.27
37,10,7527,4.8
37,11,7376,4.36
37,12,7430,4.62
37,13,7334,4.99
37,14,7956,4.82
37,15,8457,4.39
37,16,8792,4.17
37,17,9721,4.14
37,18,10948,4.15
37,19,10869,4.0
37,20,10561,3.96
37,21,10523,3.82
37,22,12059,4.19
37,23,11796,4.1
38,0,604,6.71
38,1,436,6.84
38,2,340,6.66
38,3,319,7.54
38,4,519,7.17
38,5,640,7.09
38,6,1091,6.68
38,7,1315,5.95
38,8,1504,5.54
38,9,1398,4.89
38,10,1344,4.44
38,11,1302,4.57
38,12,1255,4.81
38,13,1336,4.86
38,14,1422,5.24
38,15,1331,4.57
38,16,1248,4.47
38,17,1303,4.29
38,18,1213,4.4
38,19,1075,4.6
38,20,917,5.19
38,21,829,4.99
38,22,890,6.06
38,23,719,6.83
39,0,4024,5.08
39,1,2933,5.06
39,2,2318,5.27
39,3,2181,5.93
39,4,2535,6.68
39,5,4111,6.51
39,6,5973,6.14
39,7,8273,6.41
39,8,9162,6.4
39,9,8179,5.67
39,10,7183,5.04
39,11,6764,4.83
39,12,6668,4.99
39,13,7273,5.47
39,14,7897,5.34
39,15,7660,4.69
39,16,7783,4.47
39,17,8460,4.42
39,18,8044,4.66
39,19,7310,4.9
39,20,7027,5.6
39,21,6477,5.56
39,22,6051,5.94
39,23,5445,6.0
40,0,1425,4.53
40,1,903,4.39
40,2,556,4.17
40,3,370,4.59
40,4,510,5.07
40,5,786,4.53
40,6,1331,4.18
40,7,1646,3.97
40,8,2365,4.14
40,9,2431,4.0
40,10,2078,3.57
40,11,1814,3.56
40,12,1973,3.56
40,13,1881,3.76
40,14,1954,3.72
40,15,2158,3.52
40,16,2221,3.44
40,17,2482,3.64
40,18,2834,3.66
40,19,2548,3.49
40,20,2275,3.84
40,21,2445,4.13
40,22,2309,5.01
40,23,1852,4.97
41,0,3996,5.13
41,1,2867,4.51
41,2,1846,4.62
41,3,1341,4.73
41,4,1480,6.34
41,5,1883,6.56
41,6,2923,5.39
41,7,4552,4.36
41,8,5965,4.23
41,9,6021,3.91
41,10,5372,3.62
41,11,5357,3.74
41,12,5781,4.26
41,13,5968,4.86
41,14,6425,4.73
41,15,6699,4.69
41,16,7032,4.95
41,17,7806,5.12
41,18,8015,4.9
41,19,7293,4.87
41,20,6726,5.3
41,21,6268,4.96
41,22,5762,5.24
41,23,5162,5.54
42,0,6209,5.36
42,1,4707,4.95
42,2,3603,4.81
42,3,3094,5.04
42,4,3176,6.67
42,5,3468,6.5
42,6,5513,5.95
42,7,8791,5.06
42,8,10269,4.91
42,9,9623,4.44
42,10,8478,4.2
42,11,7290,4.29
42,12,7504,4.85
42,13,7371,5.3
42,14,7773,5.43
42,15,8357,5.29
42,16,8693,5.35
42,17,9132,5.58
42,18,9044,5.15
42,19,8751,5.11
42,20,8222,5.76
42,21,8016,5.43
42,22,8116,5.94
42,23,7693,5.82
43,0,702,4.08
43,1,265,3.76
43,2,137,3.74
43,3,111,4.33
43,4,132,4.78
43,5,192,4.71
43,6,295,3.79
43,7,594,2.98
43,8,809,3.14
43,9,940,3.13
43,10,1047,2.88
43,11,1308,3.09
43,12,1667,3.62
43,13,1905,3.84
43,14,2001,3.95
43,15,2169,3.89
43,16,2267,4.07
43,17,2464,4.42
43,18,1967,4.06
43,19,1780,3.74
43,20,1580,3.92
43,21,1240,3.98
43,22,972,4.08
43,23,950,3.96
44,0,228,9.25
44,1,170,9.38
44,2,127,10.26
44,3,91,10.7
44,4,120,10.8
44,5,127,8.7
44,6,243,7.23
44,7,341,7.11
44,8,423,6.35
44,9,470,5.91
44,10,457,6.18
44,11,443,5.63
44,12,502,5.87
44,13,540,5.91
44,14,681,6.02
44,15,604,5.93
44,16,624,6.07
44,17,621,6.33
44,18,548,6.32
44,19,436,6.12
44,20,432,6.96
44,21,374,6.79
44,22,427,6.49
44,23,300,8.75
45,0,2287,4.93
45,1,2003,4.51
45,2,1247,4.51
45,3,790,4.4
45,4,645,5.04
45,5,478,5.21
45,6,547,4.97
45,7,793,4.48
45,8,1123,4.41
45,9,1463,3.6
45,10,1590,3.5
45,11,1926,3.88
45,12,2010,4.04
45,13,2142,4.45
45,14,2250,4.54
45,15,2339,4.5
45,16,2320,4.48
45,17,2388,4.65
45,18,2382,4.16
45,19,2624,3.73
45,20,2887,3.69
45,21,2912,3.75
45,22,2891,4.1
45,23,2561,4.36
46,0,245,11.51
46,1,148,10.26
46,2,77,11.83
46,3,45,11.32
46,4,70,14.06
46,5,64,11.2
46,6,77,10.12
46,7,176,9.77
46,8,139,8.99
46,9,134,10.2
46,10,130,6.6
46,11,131,6.78
46,12,171,6.04
46,13,179,6.09
46,14,199,5.84
46,15,270,6.77
46,16,289,6.89
46,17,348,7.02
46,18,360,7.3
46,19,363,7.64
46,20,439,8.64
46,21,429,8.8
46,22,433,11.16
46,23,355,12.9
47,0,2324,4.74
47,1,1444,4.56
47,2,1184,4.87
47,3,1001,5.08
47,4,1052,6.03
47,5,1332,5.62
47,6,2298,5.18
47,7,3781,5.07
47,8,4282,4.81
47,9,3516,4.32
47,10,2991,4.22
47,11,2661,4.23
47,12,2784,4.56
47,13,2885,5.02
47,14,3115,5.14
47,15,3359,4.75
47,16,3737,4.64
47,17,3698,4.97
47,18,3313,4.54
47,19,2935,4.73
47,20,2672,5.02
47,21,2607,4.95
47,22,2789,5.19
47,23,2772,5.24
48,0,7338,3.66
48,1,6177,3.44
48,2,4707,3.44
48,3,3934,3.72
48,4,3742,4.5
48,5,3263,4.24
48,6,3913,3.48
48,7,5275,3.19
48,8,6869,3.42
48,9,7182,3.33
48,10,6589,3.29
48,11,6349,3.63
48,12,6040,3.74
48,13,5940,3.78
48,14,5657,3.75
48,15,5750,3.63
48,16,6385,3.68
48,17,7198,4.01
48,18,8525,4.13
48,19,8220,3.48
48,20,7948,3.45
48,21,9181,3.63
48,22,9551,3.94
48,23,8396,3.91
49,0,4002,4.07
49,1,2571,3.78
49,2,1683,3.76
49,3,1210,4.13
49,4,1290,5.59
49,5,1624,6.06
49,6,2381,6.28
49,7,3752,5.26
49,8,4774,5.18
49,9,5466,4.64
49,10,5057,4.0
49,11,4857,3.96
49,12,5031,4.29
49,13,4822,4.72
49,14,4906,4.61
49,15,5242,4.39
49,16,5649,4.09
49,17,6620,4.2
49,18,7214,4.18
49,19,6776,4.05
49,20,6133,4.04
49,21,5897,3.71
49,22,6049,4.09
49,23,5165,4.52
50,0,3019,4.16
50,1,1976,4.0
50,2,1769,4.32
50,3,1572,4.71
50,4,1514,5.07
50,5,1377,4.42
50,6,2497,3.71
50,7,4034,3.62
50,8,6140,3.98
50,9,6243,3.89
50,10,4859,3.52
50,11,4235,3.68
50,12,4284,3.91
50,13,4362,4.11
50,14,4226,3.98
50,15,4021,4.01
50,16,4741,4.29
50,17,5092,4.33
50,18,5159,4.25
50,19,4550,3.79
50,20,3935,3.68
50,21,4321,3.97
50,22,3734,3.96
50,23,3374,4.02
51,0,2010,5.92
51,1,1380,6.15
51,2,933,6.47
51,3,748,7.04
51,4,841,7.92
51,5,1395,7.1
51,6,2431,6.72
51,7,3691,5.94
51,8,4131,5.72
51,9,3820,5.42
51,10,3498,5.01
51,11,3357,4.71
51,12,3712,4.61
51,13,4008,4.65
51,14,4573,4.5
51,15,4816,4.28
51,16,4783,4.24
51,17,4928,4.35
51,18,5213,4.71
51,19,5000,5.31
51,20,4946,6.23
51,21,4504,6.86
51,22,3748,7.16
51,23,3060,7.03
52,0,687,3.95
52,1,408,3.56
52,2,192,3.72
52,3,141,4.08
52,4,252,4.02
52,5,354,4.24
52,6,610,3.93
52,7,788,3.74
52,8,1201,3.93
52,9,1256,3.66
52,10,1162,3.21
52,11,1255,3.28
52,12,1335,3.32
52,13,1310,3.64
52,14,1487,3.47
52,15,1582,3.55
52,16,1551,3.45
52,17,1594,3.7
52,18,1804,3.73
52,19,1652,3.53
52,20,1477,3.71
52,21,1462,3.71
52,22,1377,4.55
52,23,1187,4.7
53,0,820,6.44
53,1,577,6.29
53,2,483,6.34
53,3,518,6.63
53,4,646,6.63
53,5,931,6.32
53,6,1365,5.7
53,7,1721,4.91
53,8,2108,5.08
53,9,1904,4.81
53,10,1696,4.7
53,11,1638,5.01
53,12,1425,4.94
53,13,1617,5.08
53,14,1734,4.94
53,15,1786,4.75
53,16,1492,4.87
53,17,1430,5.03
53,18,1438,5.39
53,19,1297,5.62
53,20,1263,5.96
53,21,1164,6.04
53,22,1159,6.65
53,23,1099,6.57
54,0,310,4.79
54,1,166,4.11
54,2,94,4.43
54,3,70,5.01
54,4,102,4.53
54,5,177,4.89
54,6,242,4.39
54,7,482,4.6
54,8,634,4.52
54,9,600,4.41
54,10,432,3.66
54,11,389,3.58
54,12,418,3.68
54,13,422,3.82
54,14,419,3.78
54,15,423,3.63
54,16,459,3.85
54,17,504,3.94
54,18,573,3.65
54,19,509,3.65
54,20,570,3.93
54,21,636,4.36
54,22,595,5.09
54,23,464,4.82
55,0,1977,7.07
55,1,1354,6.48
55,2,858,6.36
55,3,588,5.56
55,4,803,5.95
55,5,1040,5.45
55,6,1816,4.41
55,7,2790,4.56
55,8,3551,4.39
55,9,3267,4.52
55,10,2560,4.47
55,11,2446,4.48
55,12,2743,4.43
55,13,2942,4.64
55,14,3126,4.34
55,15,3225,4.28
55,16,3379,4.37
55,17,3248,4.25
55,18,3231,4.5
55,19,2952,4.45
55,20,3044,5.22
55,21,2783,5.01
55,22,3125,6.33
55,23,2575,6.86
56,0,1774,5.72
56,1,1291,5.14
56,2,1061,4.98
56,3,1027,5.06
56,4,1525,5.12
56,5,2327,4.92
56,6,3272,4.59
56,7,4050,4.55
56,8,4545,4.51
56,9,4132,4.11
56,10,3438,3.92
56,11,2930,4.02
56,12,2734,4.07
56,13,3078,4.12
56,14,3259,4.44
56,15,3142,4.22
56,16,2865,4.41
56,17,2932,4.66
56,18,3001,4.86
56,19,2961,5.19
56,20,2785,5.48
56,21,2706,5.43
56,22,2779,6.55
56,23,2628,6.42
57,0,365,7.69
57,1,323,8.45
57,2,165,6.3
57,3,151,5.73
57,4,182,5.33
57,5,180,5.37
57,6,244,4.85
57,7,282,4.26
57,8,347,4.01
57,9,312,3.82
57,10,203,4.43
57,11,194,4.32
57,12,199,3.99
57,13,218,4.07
57,14,217,4.37
57,15,203,4.53
57,16,241,4.98
57,17,288,5.36
57,18,315,5.34
57,19,250,5.59
57,20,283,6.0
57,21,283,6.55
57,22,437,7.72
57,23,360,7.96
58,0,155,6.64
58,1,115,7.27
58,2,90,6.63
58,3,105,6.77
58,4,121,7.23
58,5,199,6.65
58,6,278,6.47
58,7,502,5.91
58,8,565,5.8
58,9,475,5.46
58,10,382,5.32
58,11,343,5.28
58,12,346,5.33
58,13,391,5.52
58,14,387,4.92
58,15,372,4.78
58,16,365,4.87
58,17,382,5.02
58,18,333,4.8
58,19,300,5.53
58,20,330,6.27
58,21,288,6.34
58,22,291,7.66
58,23,221,7.44
59,0,77,5.43
59,1,40,6.5
59,2,22,5.09
59,3,24,5.42
59,4,14,6.91
59,5,25,6.72
59,6,61,5.97
59,7,107,6.0
59,8,117,4.83
59,9,102,4.16
59,10,63,3.87
59,11,69,3.72
59,12,113,4.43
59,13,86,5.12
59,14,111,4.77
59,15,128,4.34
59,16,107,4.03
59,17,136,4.88
59,18,137,4.66
59,19,193,5.37
59,20,260,5.56
59,21,249,5.63
59,22,213,6.17
59,23,113,6.1
60,0,1467,4.91
60,1,1065,4.81
60,2,775,4.94
60,3,628,5.1
60,4,534,5.9
60,5,1031,5.66
60,6,1541,5.56
60,7,2439,5.96
60,8,2645,5.31
60,9,2415,4.72
60,10,1969,4.42
60,11,1956,4.55
60,12,1817,4.64
60,13,2025,5.0
60,14,2202,5.03
60,15,2243,4.66
60,16,2255,4.53
60,17,2594,4.7
60,18,2421,4.66
60,19,2260,4.87
60,20,2134,5.15
60,21,2057,5.13
60,22,2143,5.45
60,23,1819,5.68
61,0,10432,4.35
61,1,7217,4.15
61,2,5118,4.27
61,3,3871,4.75
61,4,3818,6.3
61,5,4233,7.2
61,6,6412,6.93
61,7,9744,6.13
61,8,10886,6.15
61,9,11298,5.57
61,10,10438,4.76
61,11,9915,4.5
61,12,10259,4.89
61,13,10517,5.7
61,14,11454,5.4
61,15,12317,4.98
61,16,13046,4.54
61,17,14324,4.77
61,18,15313,4.73
61,19,14436,4.66
61,20,13433,4.74
61,21,13004,4.47
61,22,14193,4.65
61,23,13189,4.7
62,0,2380,4.23
62,1,1602,4.06
62,2,1004,4.56
62,3,878,4.72
62,4,983,6.28
62,5,1248,7.25
62,6,2005,6.75
62,7,2743,5.69
62,8,3594,5.93
62,9,3688,5.17
62,10,3263,4.52
62,11,3096,4.54
62,12,3172,4.87
62,13,3259,5.66
62,14,3453,5.52
62,15,3508,4.94
62,16,3763,4.78
62,17,4032,5.01
62,18,4065,4.98
62,19,3890,4.86
62,20,3515,4.82
62,21,3402,4.72
62,22,3351,4.74
62,23,2995,4.7
63,0,1899,5.2
63,1,1459,5.12
63,2,1069,5.21
63,3,1043,5.82
63,4,1167,6.01
63,5,1774,4.89
63,6,2673,4.67
63,7,3780,4.83
63,8,3943,4.73
63,9,3626,4.72
63,10,3043,4.36
63,11,2771,4.43
63,12,2806,4.49
63,13,3004,4.71
63,14,3180,4.27
63,15,3218,4.24
63,16,3144,3.98
63,17,3375,3.99
63,18,3437,4.27
63,19,3203,4.39
63,20,3026,4.6
63,21,2755,4.82
63,22,2684,5.32
63,23,2528,5.55
64,0,334,8.41
64,1,226,7.34
64,2,114,7.63
64,3,100,7.62
64,4,170,8.72
64,5,282,7.91
64,6,442,7.21
64,7,595,5.39
64,8,851,5.55
64,9,930,5.46
64,10,721,5.4
64,11,640,5.37
64,12,706,5.82
64,13,779,6.17
64,14,896,5.93
64,15,933,5.89
64,16,799,5.73
64,17,817,6.16
64,18,799,6.07
64,19,671,6.42
64,20,608,6.84
64,21,556,7.14
64,22,545,8.14
64,23,432,8.09
65,0,3380,4.82
65,1,2083,4.48
65,2,1164,4.27
65,3,916,4.65
65,4,1031,5.24
65,5,1470,5.03
65,6,2176,4.82
65,7,2875,4.33
65,8,4078,4.69
65,9,4193,3.92
65,10,4237,3.79
65,11,4425,4.1
65,12,4541,4.44
65,13,4233,4.8
65,14,4431,5.0
65,15,4698,4.87
65,16,5378,4.87
65,17,6215,5.34
65,18,6354,5.22
65,19,5912,4.6
65,20,5271,4.52
65,21,4775,4.34
65,22,4280,4.93
65,23,3967,4.98
66,0,2136,5.33
66,1,1323,5.05
66,2,665,5.27
66,3,337,5.12
66,4,419,5.14
66,5,702,4.9
66,6,1277,4.28
66,7,1730,3.91
66,8,2949,4.34
66,9,2847,3.38
66,10,2488,3.13
66,11,2811,3.28
66,12,3071,3.48
66,13,3474,3.78
66,14,3811,4.17
66,15,3932,4.16
66,16,4228,4.17
66,17,4800,4.73
66,18,5258,4.85
66,19,4919,4.11
66,20,5032,4.43
66,21,4829,4.94
66,22,4619,5.83
66,23,3336,6.15
67,0,709,4.82
67,1,464,4.99
67,2,327,5.01
67,3,286,5.13
67,4,403,5.01
67,5,658,4.61
67,6,1328,4.27
67,7,2033,4.06
67,8,2500,3.96
67,9,2271,3.93
67,10,1854,3.95
67,11,1752,3.94
67,12,1801,3.98
67,13,1877,4.04
67,14,2026,3.87
67,15,2057,3.77
67,16,1830,3.68
67,17,2098,3.74
67,18,2040,3.89
67,19,1764,3.9
67,20,1511,4.29
67,21,1229,4.5
67,22,1236,5.03
67,23,1053,5.34
68,0,6611,3.85
68,1,4465,4.03
68,2,3156,4.28
68,3,2648,4.62
68,4,2348,4.79
68,5,2705,4.05
68,6,3475,3.54
68,7,5245,3.02
68,8,7080,3.07
68,9,7179,2.93
68,10,6953,2.86
68,11,8089,3.11
68,12,7604,3.12
68,13,8671,3.35
68,14,8596,3.46
68,15,8878,3.44
68,16,9330,3.39
68,17,11470,3.78
68,18,11485,3.71
68,19,11604,3.27
68,20,10603,3.19
68,21,11314,3.68
68,22,11137,4.2
68,23,10249,4.64
69,0,3462,5.23
69,1,2525,4.91
69,2,1523,5.05
69,3,1256,5.23
69,4,1414,6.25
69,5,2226,6.0
69,6,3476,5.43
69,7,5599,4.95
69,8,6378,4.5
69,9,5334,4.06
69,10,4453,4.11
69,11,4233,4.26
69,12,4439,4.73
69,13,4369,5.18
69,14,4551,5.47
69,15,5046,5.25
69,16,5475,5.42
69,17,5628,5.77
69,18,5100,5.05
69,19,4671,5.11
69,20,4489,5.45
69,21,4549,5.27
69,22,4849,6.09
69,23,4364,5.82
70,0,1265,6.11
70,1,894,5.28
70,2,703,4.85
70,3,794,5.08
70,4,1087,4.57
70,5,1676,4.1
70,6,2169,3.59
70,7,2830,3.78
70,8,2847,3.8
70,9,2745,3.65
70,10,2505,3.75
70,11,2278,3.6
70,12,2190,3.53
70,13,2237,3.49
70,14,2359,3.73
70,15,2425,3.82
70,16,2270,3.78
70,17,2429,3.97
70,18,2380,4.36
70,19,2132,4.84
70,20,1972,5.39
70,21,1931,5.52
70,22,1771,6.41
70,23,1635,6.34
71,0,2713,4.83
71,1,1969,4.71
71,2,1548,5.1
71,3,1491,5.88
71,4,1314,6.63
71,5,1726,6.51
71,6,3006,6.21
71,7,4094,5.99
71,8,5173,5.98
71,9,4806,5.12
71,10,4070,4.38
71,11,3758,4.31
71,12,3822,4.4
71,13,4036,5.22
71,14,4504,4.95
71,15,4381,4.47
71,16,4682,4.35
71,17,4562,4.48
71,18,4420,4.65
71,19,4109,4.69
71,20,3887,4.85
71,21,3790,4.7
71,22,3953,5.12
71,23,3541,4.99
72,0,3388,5.15
72,1,2278,5.0
72,2,1860,5.35
72,3,1614,6.08
72,4,1630,7.4
72,5,1937,7.42
72,6,3577,7.44
72,7,5176,7.15
72,8,5817,6.91
72,9,5215,6.13
72,10,4714,4.99
72,11,4234,4.89
72,12,4253,5.13
72,13,4463,5.79
72,14,5033,6.05
72,15,5337,5.22
72,16,5152,4.83
72,17,5195,4.87
72,18,5044,4.87
72,19,4828,4.99
72,20,4553,5.24
72,21,4239,5.04
72,22,4184,5.39
72,23,4267,5.29
73,0,470,5.61
73,1,329,5.31
73,2,246,5.61
73,3,270,5.39
73,4,336,5.95
73,5,513,5.0
73,6,883,4.73
73,7,1227,4.01
73,8,1555,4.36
73,9,1238,3.85
73,10,1198,3.91
73,11,1076,3.83
73,12,1051,3.95
73,13,1094,3.97
73,14,1055,4.06
73,15,1107,3.93
73,16,1020,4.03
73,17,1031,4.47
73,18,897,4.36
73,19,972,4.46
73,20,928,4.8
73,21,816,4.77
73,22,715,5.82
73,23,642,5.65
74,0,5194,5.22
74,1,3384,4.62
74,2,2308,4.7
74,3,1843,4.87
74,4,2039,6.04
74,5,2695,6.23
74,6,4525,5.47
74,7,6402,4.81
74,8,7347,4.87
74,9,6703,4.49
74,10,6064,4.09
74,11,5626,4.26
74,12,5760,4.74
74,13,5962,5.11
74,14,6623,5.38
74,15,6904,5.08
74,16,7238,5.16
74,17,7569,5.12
74,18,7805,4.98
74,19,7389,4.94
74,20,7003,5.71
74,21,6888,5.3
74,22,7980,5.98
74,23,7681,6.21
75,0,3202,4.81
75,1,1975,4.49
75,2,1602,4.68
75,3,1224,4.87
75,4,1658,5.62
75,5,2423,5.93
75,6,4343,5.04
75,7,6371,4.27
75,8,6460,4.62
75,9,6018,4.25
75,10,5633,3.8
75,11,5458,3.94
75,12,5544,4.28
75,13,5506,4.7
75,14,6105,4.72
75,15,6515,4.5
75,16,6647,4.59
75,17,6633,4.95
75,18,6335,4.57
75,19,6330,4.52
75,20,5234,4.83
75,21,4891,4.68
75,22,4721,4.76
75,23,4855,5.12
76,0,6779,5.55
76,1,4591,5.1
76,2,3338,5.28
76,3,3078,5.61
76,4,3763,6.22
76,5,5247,5.31
76,6,8260,4.87
76,7,12152,5.22
76,8,12787,5.27
76,9,11226,4.91
76,10,9620,4.49
76,11,9665,4.41
76,12,10125,4.62
76,13,11005,4.94
76,14,12013,4.59
76,15,12484,4.31
76,16,13048,4.17
76,17,13608,4.36
76,18,12614,4.51
76,19,11210,4.71
76,20,10969,5.15
76,21,10056,5.31
76,22,10294,6.01
76,23,9148,6.08
77,0,2107,5.08
77,1,1389,4.86
77,2,1029,4.7
77,3,886,5.11
77,4,939,6.49
77,5,1228,5.86
77,6,1887,5.72
77,7,2767,5.82
77,8,3012,5.66
77,9,2808,5.5
77,10,2503,4.77
77,11,2440,4.77
77,12,2531,5.08
77,13,2678,5.57
77,14,2998,5.31
77,15,3020,4.66
77,16,2875,4.34
77,17,3069,4.42
77,18,2901,4.66
77,19,2483,4.71
77,20,2366,5.3
77,21,2359,5.05
77,22,2662,5.63
77,23,2438,5.54
78,0,3027,4.96
78,1,2051,4.8
78,2,1542,4.94
78,3,1267,5.05
78,4,1291,6.0
78,5,1841,5.46
78,6,3054,5.3
78,7,4806,5.42
78,8,5677,4.97
78,9,5067,4.34
78,10,4030,4.01
78,11,3782,4.1
78,12,3885,4.36
78,13,4006,4.79
78,14,4166,4.82
78,15,4595,4.69
78,16,5118,4.36
78,17,5122,4.53
78,18,4501,4.39
78,19,4128,4.52
78,20,3906,4.78
78,21,3750,4.62
78,22,3958,5.08
78,23,3934,5.31
79,0,13780,4.17
79,1,12889,4.46
79,2,10657,4.71
79,3,7746,4.61
79,4,4746,5.32
79,5,3083,4.64
79,6,3770,3.98
79,7,4616,3.76
79,8,6320,4.13
79,9,6866,3.54
79,10,6034,3.01
79,11,5816,3.08
79,12,5763,3.17
79,13,6125,3.28
79,14,6158,3.3
79,15,6451,3.28
79,16,6761,3.29
79,17,8398,3.15
79,18,10466,3.11
79,19,11477,3.06
79,20,11779,2.84
79,21,13028,2.85
79,22,14320,3.24
79,23,14567,3.43
80,0,9683,4.95
80,1,7294,4.33
80,2,6294,5.88
80,3,6084,7.19
80,4,5008,7.53
80,5,2819,5.23
80,6,3209,5.04
80,7,3818,4.6
80,8,4590,4.55
80,9,4782,4.13
80,10,4475,3.79
80,11,4376,3.65
80,12,4622,3.79
80,13,4899,3.94
80,14,4999,3.83
80,15,5401,3.77
80,16,6060,3.71
80,17,7303,3.84
80,18,8141,3.72
80,19,7975,3.57
80,20,7218,3.49
80,21,7350,3.41
80,22,8734,4.01
80,23,8963,4.15
81,0,1711,5.42
81,1,1109,5.69
81,2,792,6.07
81,3,684,6.48
81,4,815,6.94
81,5,1202,6.79
81,6,2255,6.66
81,7,3418,5.96
81,8,3624,6.0
81,9,3276,5.34
81,10,2901,4.84
81,11,2697,4.67
81,12,2574,4.61
81,13,2819,4.89
81,14,3094,5.06
81,15,3024,4.62
81,16,2914,4.42
81,17,3196,4.47
81,18,3086,4.61
81,19,2786,4.94
81,20,2687,5.53
81,21,2451,5.8
81,22,2531,6.27
81,23,2416,6.66
82,0,5468,4.8
82,1,4193,4.25
82,2,2967,4.21
82,3,2784,4.64
82,4,3597,6.12
82,5,3642,4.69
82,6,5152,4.28
82,7,5430,3.77
82,8,6280,3.79
82,9,6490,3.6
82,10,6413,3.61
82,11,6062,3.66
82,12,6151,3.77
82,13,6729,3.86
82,14,7422,3.83
82,15,7763,3.86
82,16,8047,3.97
82,17,8459,4.27
82,18,8856,4.73
82,19,8316,4.81
82,20,8102,4.9
82,21,8017,4.77
82,22,7745,5.45
82,23,6454,5.23
83,0,1478,4.75
83,1,1156,4.47
83,2,1025,4.64
83,3,831,4.98
83,4,1166,6.01
83,5,1334,4.55
83,6,2132,4.17
83,7,2592,3.97
83,8,3049,3.85
83,9,2934,3.91
83,10,2822,3.91
83,11,2345,3.82
83,12,2142,3.92
83,13,2254,3.96
83,14,2393,4.01
83,15,2380,4.04
83,16,2214,3.87
83,17,2370,4.16
83,18,2282,4.74
83,19,2186,4.68
83,20,2046,4.69
83,21,1974,4.35
83,22,1934,4.98
83,23,1860,5.05
84,0,249,7.77
84,1,197,7.8
84,2,195,7.71
84,3,126,8.1
84,4,161,8.77
84,5,146,8.8
84,6,259,6.46
84,7,382,6.02
84,8,584,5.77
84,9,440,5.63
84,10,431,4.99
84,11,438,5.0
84,12,479,5.13
84,13,444,5.44
84,14,556,5.3
84,15,515,5.39
84,16,509,5.64
84,17,493,5.63
84,18,480,5.53
84,19,394,5.3
84,20,396,6.37
84,21,378,7.3
84,22,296,7.04
84,23,307,8.46
85,0,1990,4.26
85,1,1433,4.2
85,2,1002,4.45
85,3,973,4.68
85,4,1107,5.68
85,5,1270,5.65
85,6,2210,5.3
85,7,2854,5.26
85,8,3295,5.51
85,9,3159,4.62
85,10,2721,4.23
85,11,2688,4.21
85,12,2811,4.45
85,13,2833,4.94
85,14,3093,4.81
85,15,3212,4.65
85,16,3345,4.49
85,17,3647,4.6
85,18,3802,4.73
85,19,3719,4.64
85,20,3303,4.81
85,21,3125,4.55
85,22,3159,4.74
85,23,2961,4.73
86,0,1166,7.14
86,1,901,7.76
86,2,605,7.29
86,3,610,7.33
86,4,707,7.69
86,5,1029,7.85
86,6,1563,7.79
86,7,2634,6.61
86,8,2778,6.75
86,9,2725,7.0
86,10,2457,6.5
86,11,2179,6.73
86,12,2107,6.93
86,13,2210,6.87
86,14,2468,7.33
86,15,2590,7.07
86,16,2488,6.53
86,17,2298,6.32
86,18,2205,6.43
86,19,2089,6.97
86,20,1776,7.21
86,21,1600,7.3
86,22,1625,7.49
86,23,1659,8.15
87,0,4008,4.41
87,1,2629,4.28
87,2,1624,4.49
87,3,1153,4.13
87,4,1469,4.3
87,5,2004,4.29
87,6,2701,3.95
87,7,3529,3.63
87,8,4536,3.5
87,9,4470,3.24
87,10,4184,3.26
87,11,4577,3.43
87,12,4480,3.64
87,13,4556,3.84
87,14,4578,3.76
87,15,4868,3.55
87,16,5204,3.7
87,17,6288,4.11
87,18,7078,4.04
87,19,6672,3.77
87,20,6807,3.6
87,21,6732,3.69
87,22,6354,4.22
87,23,5189,4.28
88,0,1970,4.3
88,1,1524,4.17
88,2,905,4.24
88,3,623,4.27
88,4,530,4.82
88,5,591,4.65
88,6,897,4.08
88,7,1183,3.67
88,8,1656,3.34
88,9,1358,3.07
88,10,1420,3.13
88,11,1655,3.29
88,12,1893,3.54
88,13,2064,3.81
88,14,2124,3.8
88,15,2343,3.93
88,16,2668,3.92
88,17,3220,4.49
88,18,3084,4.24
88,19,2661,3.77
88,20,3194,3.74
88,21,2855,3.71
88,22,2893,4.12
88,23,2480,4.2
89,0,4280,4.14
89,1,2776,4.08
89,2,1982,4.26
89,3,1759,4.72
89,4,2178,5.04
89,5,3047,4.7
89,6,4902,4.39
89,7,6796,4.58
89,8,8047,4.49
89,9,7990,4.19
89,10,7093,4.15
89,11,6684,4.14
89,12,6648,4.21
89,13,7086,4.62
89,14,7537,4.43
89,15,7430,4.2
89,16,7676,4.23
89,17,8789,4.37
89,18,9256,4.56
89,19,8232,4.5
89,20,7457,4.56
89,21,6839,4.38
89,22,6754,4.51
89,23,6222,4.5
90,0,4349,3.49
90,1,3487,3.71
90,2,2828,4.06
90,3,2252,4.22
90,4,2044,4.45
90,5,2098,3.92
90,6,2778,3.45
90,7,3923,3.05
90,8,5217,2.98
90,9,4989,2.78
90,10,4454,2.72
90,11,4594,2.87
90,12,4415,3.0
90,13,4615,3.15
90,14,4531,3.22
90,15,4543,3.2
90,16,5026,3.21
90,17,6382,3.29
90,18,7049,3.32
90,19,6635,2.99
90,20,5988,2.89
90,21,5487,3.19
90,22,5001,3.58
90,23,4757,3.94
91,0,2299,4.93
91,1,1644,5.01
91,2,1267,5.15
91,3,1380,5.95
91,4,1712,6.36
91,5,2357,5.95
91,6,3488,5.61
91,7,5127,5.85
91,8,6191,6.04
91,9,5873,4.88
91,10,4909,4.24
91,11,4493,4.17
91,12,4632,4.35
91,13,4749,4.7
91,14,5125,4.54
91,15,5042,4.32
91,16,4966,4.24
91,17,5290,4.4
91,18,5307,4.51
91,19,4662,4.67
91,20,4120,4.97
91,21,3778,5.11
91,22,3784,5.49
91,23,3162,5.37
92,0,4228,5.92
92,1,3367,5.59
92,2,2396,5.14
92,3,1933,4.92
92,4,2265,5.32
92,5,2356,4.61
92,6,2937,4.1
92,7,3658,3.85
92,8,4470,3.87
92,9,4590,3.8
92,10,4634,3.89
92,11,4639,4.19
92,12,5107,4.43
92,13,5410,4.44
92,14,5720,4.52
92,15,5805,4.51
92,16,6151,4.63
92,17,6323,5.08
92,18,6843,5.41
92,19,6697,5.27
92,20,6456,5.54
92,21,5966,5.61
92,22,6097,6.62
92,23,4819,6.13
93,0,1625,11.6
93,1,1062,12.06
93,2,538,8.61
93,3,155,4.8
93,4,171,5.36
93,5,159,5.02
93,6,165,4.0
93,7,149,4.06
93,8,284,3.27
93,9,239,3.95
93,10,284,3.92
93,11,438,3.97
93,12,626,4.21
93,13,911,4.29
93,14,1266,4.67
93,15,1623,5.21
93,16,2479,7.31
93,17,2669,7.57
93,18,2425,6.15
93,19,1781,5.89
93,20,1754,6.14
93,21,2515,7.93
93,22,3558,12.42
93,23,2866,11.55
94,0,1700,4.53
94,1,1147,4.35
94,2,816,4.64
94,3,584,5.08
94,4,777,5.94
94,5,880,5.01
94,6,1448,5.02
94,7,2003,5.09
94,8,2338,4.69
94,9,2126,4.16
94,10,1837,3.98
94,11,1640,4.04
94,12,1689,4.4
94,13,1887,4.9
94,14,2016,5.25
94,15,2051,5.01
94,16,2140,4.91
94,17,2259,5.41
94,18,2203,5.16
94,19,2182,4.93
94,20,2091,5.27
94,21,2038,4.81
94,22,2099,5.0
94,23,1821,5.3
95,0,3552,5.93
95,1,2457,5.54
95,2,1499,5.28
95,3,1270,5.52
95,4,1650,5.77
95,5,2502,5.12
95,6,4143,4.38
95,7,5819,4.05
95,8,7914,3.87
95,9,7555,3.64
95,10,6997,3.76
95,11,6883,3.88
95,12,7174,4.08
95,13,7532,4.19
95,14,7405,4.02
95,15,7683,4.01
95,16,7923,4.13
95,17,8700,4.38
95,18,9132,4.66
95,19,7920,4.52
95,20,6825,4.59
95,21,6262,4.8
95,22,8016,7.74
95,23,5697,6.88
96,0,63,6.02
96,1,64,4.48
96,2,31,5.13
96,3,24,5.57
96,4,37,6.56
96,5,89,5.43
96,6,87,5.17
96,7,115,5.37
96,8,157,5.73
96,9,139,4.52
96,10,147,4.37
96,11,153,4.64
96,12,142,4.48
96,13,201,4.36
96,14,190,5.1
96,15,221,4.6
96,16,241,4.66
96,17,238,4.57
96,18,333,5.04
96,19,281,4.88
96,20,301,5.4
96,21,190,5.74
96,22,141,5.92
96,23,108,6.01
97,0,4783,4.7
97,1,2713,4.16
97,2,1717,4.28
97,3,1141,4.8
97,4,1361,5.83
97,5,1879,5.7
97,6,2756,5.5
97,7,3833,4.68
97,8,4915,4.91
97,9,5520,4.25
97,10,4943,3.83
97,11,4865,4.01
97,12,5185,4.34
97,13,5450,4.82
97,14,5720,4.78
97,15,6556,4.74
97,16,6791,4.46
97,17,7501,4.69
97,18,8463,4.79
97,19,8424,4.3
97,20,8097,4.4
97,21,8169,4.17
97,22,8672,4.75
97,23,7384,5.23
98,0,538,6.15
98,1,465,5.94
98,2,256,6.57
98,3,165,6.68
98,4,164,7.41
98,5,322,6.47
98,6,564,5.51
98,7,767,5.42
98,8,1014,4.9
98,9,980,4.33
98,10,1009,4.32
98,11,960,4.28
98,12,950,4.35
98,13,1078,4.54
98,14,1144,4.47
98,15,1067,4.31
98,16,1072,4.23
98,17,1161,4.62
98,18,1042,4.68
98,19,1035,4.94
98,20,905,4.9
98,21,877,4.88
98,22,837,5.41
98,23,662,5.63
99,0,26,7.64
99,1,37,8.15
99,2,51,6.5
99,3,40,7.68
99,4,45,9.68
99,5,12,10.2
99,6,9,5.23
99,7,19,6.9
99,8,10,9.38
99,9,8,3.42
99,10,11,4.53
99,11,28,5.73
99,12,17,5.57
99,13,25,5.27
99,14,27,7.05
99,15,46,5.8
99,16,41,5.78
99,17,25,5.73
99,18,25,5.47
99,19,30,5.99
99,20,20,6.64
99,21,14,5.63
99,22,21,6.73
99,23,23,6.77
100,0,4759,4.19
100,1,3999,3.78
100,2,2885,3.83
100,3,2104,4.06
100,4,1604,4.62
100,5,1325,3.96
100,6,1578,3.13
100,7,1880,3.03
100,8,2681,3.13
100,9,3233,3.05
100,10,3638,3.2
100,11,4220,3.57
100,12,4000,3.7
100,13,4253,3.75
100,14,4323,3.7
100,15,4513,3.6
100,16,5083,3.59
100,17,6080,4.3
100,18,5980,4.4
100,19,5214,3.74
100,20,5312,3.61
100,21,5562,4.02
100,22,5527,4.44
100,23,5823,4.78
101,0,491,7.61
101,1,222,8.43
101,2,166,8.85
101,3,156,6.94
101,4,264,7.71
101,5,333,7.07
101,6,665,5.33
101,7,1118,5.01
101,8,1222,5.29
101,9,1012,4.73
101,10,843,4.61
101,11,901,4.7
101,12,1035,5.15
101,13,1041,5.09
101,14,1252,5.29
101,15,1229,5.12
101,16,1364,5.42
101,17,1187,5.48
101,18,1045,5.25
101,19,1029,5.62
101,20,912,6.72
101,21,604,6.12
101,22,593,6.31
101,23,721,7.02
102,0,1171,5.16
102,1,992,5.24
102,2,537,5.19
102,3,489,5.93
102,4,716,6.02
102,5,1240,5.99
102,6,1937,5.48
102,7,2689,5.26
102,8,3144,4.69
102,9,2751,4.25
102,10,2392,4.17
102,11,2244,3.99
102,12,2201,4.23
102,13,2423,4.49
102,14,2571,4.32
102,15,2565,4.11
102,16,2748,4.14
102,17,2794,4.07
102,18,3079,4.37
102,19,2627,4.44
102,20,2271,4.51
102,21,2212,4.94
102,22,2000,5.75
102,23,1561,5.51
105,14,1,5.3
105,16,1,13.6
105,20,1,33.15
106,0,1697,4.7
106,1,1093,4.2
106,2,813,4.46
106,3,699,4.9
106,4,600,5.47
106,5,646,5.09
106,6,1014,4.58
106,7,1130,4.17
106,8,1636,4.01
106,9,1753,3.85
106,10,1736,3.75
106,11,1801,3.89
106,12,1860,4.02
106,13,1892,4.24
106,14,2102,4.02
106,15,2262,3.69
106,16,2335,3.69
106,17,2699,3.79
106,18,2959,3.94
106,19,2474,3.81
106,20,2255,3.99
106,21,2240,4.08
106,22,2265,4.61
106,23,2157,4.96
107,0,4072,3.47
107,1,2756,3.26
107,2,1977,3.33
107,3,1449,3.68
107,4,1599,4.3
107,5,2038,4.54
107,6,3189,3.73
107,7,4419,3.45
107,8,5597,3.63
107,9,5479,3.22
107,10,4779,3.13
107,11,4820,3.29
107,12,4777,3.39
107,13,4781,3.54
107,14,4835,3.53
107,15,4978,3.48
107,16,5169,3.54
107,17,6411,3.52
107,18,7148,3.46
107,19,7351,3.24
107,20,6890,3.06
107,21,6917,3.03
107,22,6364,3.37
107,23,5467,3.49
108,0,764,5.59
108,1,509,5.49
108,2,468,5.51
108,3,339,5.17
108,4,332,5.06
108,5,441,4.72
108,6,815,4.36
108,7,1615,4.05
108,8,2218,3.96
108,9,1724,3.86
108,10,1550,3.8
108,11,1296,3.83
108,12,1320,3.95
108,13,1367,3.88
108,14,1339,4.02
108,15,1386,4.01
108,16,1330,3.94
108,17,1514,3.75
108,18,1456,3.91
108,19,1259,4.11
108,20,1249,4.46
108,21,1071,4.53
108,22,1106,5.14
108,23,925,5.09
109,0,407,9.23
109,1,337,9.6
109,2,219,9.42
109,3,210,8.35
109,4,219,9.63
109,5,249,9.34
109,6,391,6.78
109,7,669,6.04
109,8,826,5.74
109,9,848,5.49
109,10,717,5.02
109,11,723,5.27
109,12,831,5.37
109,13,740,5.59
109,14,847,5.28
109,15,808,5.0
109,16,801,5.55
109,17,753,5.54
109,18,720,5.66
109,19,626,5.29
109,20,601,6.21
109,21,500,6.4
109,22,474,7.26
109,23,428,7.79
110,1,1,2.25
110,3,1,4.42
110,4,1,
110,6,2,4.02
110,8,1,4.33
110,9,1,4.95
110,11,1,10.35
110,12,3,7.55
110,13,3,20.4
110,14,7,7.8
110,15,2,6.21
110,16,5,5.1
110,17,2,9.95
110,18,2,14.83
110,19,2,6.83
110,20,2,15.08
110,21,1,9.88
110,22,3,8.57
110,23,1,29.13
111,0,36,4.5
111,1,12,3.48
111,2,20,3.15
111,3,23,4.56
111,4,16,5.12
111,5,6,6.28
111,6,9,5.17
111,7,24,3.13
111,8,25,3.02
111,9,30,3.29
111,10,30,3.25
111,11,28,3.19
111,12,30,4.07
111,13,52,3.47
111,14,32,4.93
111,15,38,3.76
111,16,34,3.33
111,17,30,2.7
111,18,58,3.43
111,19,47,3.0
111,20,40,4.47
111,21,46,4.52
111,22,60,3.99
111,23,55,4.78
112,0,8855,5.8
112,1,5421,4.7
112,2,3580,4.7
112,3,2421,5.04
112,4,2440,5.54
112,5,2961,4.79
112,6,4969,4.63
112,7,6778,4.28
112,8,9176,4.68
112,9,9267,4.14
112,10,7974,3.58
112,11,7466,3.45
112,12,7773,3.47
112,13,7750,3.55
112,14,7875,3.42
112,15,8411,3.42
112,16,9299,3.47
112,17,11092,3.62
112,18,12420,3.73
112,19,11542,3.55
112,20,10066,3.33
112,21,10270,3.38
112,22,11257,4.0
112,23,10169,4.78
113,0,3019,4.31
113,1,2361,4.13
113,2,2017,4.39
113,3,1171,4.21
113,4,1075,4.62
113,5,1234,4.43
113,6,1859,3.83
113,7,2497,3.35
113,8,3505,3.31
113,9,3549,3.03
113,10,3423,2.89
113,11,3564,2.94
113,12,3753,3.05
113,13,3893,3.24
113,14,4164,3.31
113,15,4293,3.29
113,16,4815,3.47
113,17,5452,3.38
113,18,5973,3.35
113,19,5674,3.12
113,20,5390,2.91
113,21,5421,3.28
113,22,5200,3.76
113,23,4053,4.11
114,0,6511,4.38
114,1,5720,4.65
114,2,4219,5.22
114,3,2649,4.66
114,4,1285,5.14
114,5,945,4.49
114,6,1127,3.85
114,7,1365,3.4
114,8,1965,3.47
114,9,2168,3.01
114,10,2169,2.88
114,11,2331,2.82
114,12,2593,2.93
114,13,3005,3.11
114,14,3323,3.23
114,15,3529,3.35
114,16,3707,3.41
114,17,4191,3.21
114,18,4872,3.29
114,19,5468,2.91
114,20,6107,2.85
114,21,7098,3.19
114,22,7616,3.67
114,23,7499,3.94
115,0,277,6.99
115,1,208,6.56
115,2,137,8.35
115,3,145,7.2
115,4,198,7.07
115,5,351,8.28
115,6,800,7.05
115,7,1094,6.65
115,8,1389,6.69
115,9,1149,5.74
115,10,877,5.45
115,11,723,5.44
115,12,781,5.12
115,13,785,5.75
115,14,932,5.6
115,15,904,5.38
115,16,850,5.33
115,17,818,5.37
115,18,752,5.75
115,19,702,5.51
115,20,669,6.01
115,21,592,6.1
115,22,670,6.22
115,23,506,7.69
116,0,3146,4.77
116,1,2364,4.7
116,2,1845,4.55
116,3,1438,4.73
116,4,1554,6.56
116,5,1959,6.38
116,6,2889,5.38
116,7,4076,4.82
116,8,5049,4.8
116,9,4743,4.18
116,10,3999,4.01
116,11,3511,4.07
116,12,3527,4.34
116,13,3695,4.93
116,14,3693,4.97
116,15,3675,4.72
116,16,3775,4.93
116,17,4122,5.22
116,18,4568,4.72
116,19,4204,4.77
116,20,4165,5.27
116,21,4122,4.97
116,22,4138,5.27
116,23,3866,5.18
117,0,1023,7.9
117,1,724,8.59
117,2,516,8.99
117,3,463,8.99
117,4,502,8.99
117,5,663,8.86
117,6,1249,9.41
117,7,1717,7.76
117,8,1926,8.28
117,9,1705,8.78
117,10,1657,7.31
117,11,1515,6.89
117,12,1531,7.07
117,13,1695,6.89
117,14,1880,6.9
117,15,2050,6.61
117,16,1945,6.21
117,17,2014,6.5
117,18,1992,6.67
117,19,1704,6.56
117,20,1694,7.31
117,21,1554,7.85
117,22,1401,8.68
117,23,1440,8.8
118,0,409,8.4
118,1,278,9.12
118,2,128,8.75
118,3,116,8.38
118,4,147,7.52
118,5,257,8.16
118,6,545,6.75
118,7,788,6.08
118,8,881,5.49
118,9,891,4.89
118,10,823,4.88
118,11,861,5.0
118,12,952,4.75
118,13,1073,5.14
118,14,1275,4.79
118,15,1527,5.2
118,16,1388,4.96
118,17,1467,5.32
118,18,1483,5.99
118,19,1273,5.61
118,20,1296,6.69
118,21,1042,6.8
118,22,757,7.85
118,23,640,8.5
119,0,2325,4.85
119,1,1508,4.92
119,2,1213,4.77
119,3,1065,5.23
119,4,1245,6.34
119,5,1503,5.34
119,6,2707,5.23
119,7,3985,5.05
119,8,4420,5.13
119,9,3838,4.55
119,10,3138,4.38
119,11,2876,4.4
119,12,2681,4.43
119,13,2861,4.73
119,14,2977,5.26
119,15,3344,5.47
119,16,3512,5.33
119,17,3329,5.51
119,18,3140,5.16
119,19,2915,4.89
119,20,3036,5.28
119,21,3536,5.3
119,22,3811,6.36
119,23,2844,5.44
120,0,65,4.52
120,1,60,5.45
120,2,48,4.27
120,3,37,5.1
120,4,32,6.73
120,5,26,5.75
120,6,46,3.87
120,7,73,4.37
120,8,84,4.36
120,9,95,3.68
120,10,85,3.77
120,11,89,3.85
120,12,114,4.06
120,13,90,4.95
120,14,107,4.82
120,15,97,5.28
120,16,95,5.47
120,17,96,6.22
120,18,109,5.6
120,19,103,4.77
120,20,89,6.1
120,21,97,5.57
120,22,93,5.47
120,23,100,6.6
121,0,826,5.8
121,1,474,6.09
121,2,405,5.71
121,3,344,6.49
121,4,563,6.58
121,5,1047,6.27
121,6,1852,5.73
121,7,2311,4.68
121,8,2543,4.45
121,9,2327,4.15
121,10,2121,4.3
121,11,2120,4.42
121,12,2023,4.53
121,13,2100,4.66
121,14,2243,4.52
121,15,2449,4.24
121,16,2558,4.44
121,17,2315,4.52
121,18,2081,4.71
121,19,1807,4.61
121,20,1588,4.66
121,21,1331,5.02
121,22,1428,5.72
121,23,1318,6.02
122,0,588,5.86
122,1,376,6.07
122,2,297,6.29
122,3,352,6.64
122,4,470,7.61
122,5,569,7.02
122,6,1011,6.69
122,7,1539,5.9
122,8,1791,5.86
122,9,1674,4.65
122,10,1306,4.42
122,11,1361,4.66
122,12,1261,4.79
122,13,1291,4.91
122,14,1315,4.98
122,15,1375,4.48
122,16,1167,4.25
122,17,1241,4.25
122,18,1279,4.4
122,19,1145,4.51
122,20,1004,4.48
122,21,955,4.76
122,22,955,5.71
122,23,888,5.59
123,0,1039,4.69
123,1,767,4.47
123,2,573,4.8
123,3,567,5.03
123,4,510,4.99
123,5,493,4.23
123,6,946,3.73
123,7,1762,3.6
123,8,2901,3.63
123,9,2923,3.54
123,10,2608,3.48
123,11,2535,3.53
123,12,2594,3.84
123,13,2898,3.85
123,14,2971,3.7
123,15,2792,3.76
123,16,3036,3.69
123,17,3342,3.8
123,18,3117,3.75
123,19,2651,3.73
123,20,2243,4.09
123,21,1858,3.86
123,22,1575,4.43
123,23,1336,4.66
124,0,758,7.26
124,1,453,7.33
124,2,423,7.41
124,3,407,6.77
124,4,595,6.53
124,5,719,6.0
124,6,977,5.89
124,7,1300,5.61
124,8,1633,5.97
124,9,1458,5.19
124,10,1373,5.13
124,11,1367,4.81
124,12,1512,4.87
124,13,1720,5.19
124,14,1698,4.78
124,15,1899,4.73
124,16,1757,4.53
124,17,2028,4.82
124,18,1822,4.84
124,19,1772,5.0
124,20,1657,5.39
124,21,1530,5.99
124,22,1330,7.43
124,23,1184,7.95
125,0,1712,4.35
125,1,1267,4.01
125,2,1159,4.19
125,3,932,4.05
125,4,683,4.37
125,5,760,3.97
125,6,967,3.57
125,7,1592,3.25
125,8,2363,3.09
125,9,2541,2.96
125,10,2418,2.85
125,11,2631,2.91
125,12,2780,3.0
125,13,2860,3.22
125,14,2901,3.35
125,15,2988,3.56
125,16,3397,3.67
125,17,4557,3.94
125,18,4604,3.86
125,19,3947,3.36
125,20,3846,3.24
125,21,3304,3.4
125,22,2944,3.87
125,23,2352,4.16
126,0,2182,4.55
126,1,1631,4.36
126,2,1185,4.96
126,3,1016,5.47
126,4,1219,5.5
126,5,1650,5.23
126,6,1898,5.02
126,7,2717,4.89
126,8,3274,4.69
126,9,2863,4.44
126,10,2599,4.37
126,11,2721,4.76
126,12,2734,5.05
126,13,2799,5.17
126,14,3129,5.11
126,15,3210,5.21
126,16,3632,4.87
126,17,3700,5.06
126,18,3312,4.94
126,19,2906,4.79
126,20,2705,5.09
126,21,2412,4.82
126,22,2762,5.08
126,23,2509,5.0
127,0,3009,4.14
127,1,2832,4.26
127,2,2345,4.59
127,3,2383,6.25
127,4,2889,8.0
127,5,2114,5.2
127,6,2465,4.24
127,7,3375,3.86
127,8,4064,4.03
127,9,3362,3.84
127,10,2797,3.49
127,11,2695,3.62
127,12,2705,3.82
127,13,2918,4.2
127,14,3107,4.4
127,15,3107,4.47
127,16,3276,4.47
127,17,3606,4.37
127,18,3677,4.28
127,19,3478,4.37
127,20,3426,4.7
127,21,3609,4.6
127,22,3537,4.78
127,23,3226,4.39
128,0,189,4.2
128,1,86,4.11
128,2,86,4.4
128,3,88,5.73
128,4,74,5.92
128,5,93,4.18
128,6,119,4.03
128,7,300,3.37
128,8,231,3.24
128,9,204,3.56
128,10,190,3.24
128,11,218,3.34
128,12,231,3.78
128,13,250,4.57
128,14,306,4.23
128,15,366,4.17
128,16,354,4.35
128,17,316,4.55
128,18,354,4.34
128,19,466,4.06
128,20,463,4.67
128,21,314,4.94
128,22,300,4.85
128,23,361,4.84
129,0,4863,5.16
129,1,4255,4.61
129,2,3688,4.64
129,3,3735,4.95
129,4,5420,6.22
129,5,4815,4.25
129,6,6698,3.89
129,7,7187,3.77
129,8,8595,3.78
129,9,7910,3.73
129,10,7094,3.74
129,11,6618,3.83
129,12,6631,3.88
129,13,6970,3.88
129,14,7184,3.9
129,15,7152,3.9
129,16,7139,4.04
129,17,7675,4.18
129,18,7864,4.69
129,19,7397,4.93
129,20,6911,4.99
129,21,6434,4.85
129,22,6863,5.57
129,23,5684,5.45
130,0,6563,5.92
130,1,5257,5.73
130,2,3666,5.59
130,3,2442,5.31
130,4,2882,5.84
130,5,2908,4.86
130,6,4459,4.17
130,7,5259,4.13
130,8,6718,3.98
130,9,7035,3.8
130,10,6717,3.92
130,11,6722,4.15
130,12,7197,4.44
130,13,7641,4.76
130,14,8546,4.67
130,15,8894,4.58
130,16,9648,4.45
130,17,10124,4.7
130,18,10346,4.71
130,19,9085,4.6
130,20,8159,4.45
130,21,7958,4.38
130,22,8082,5.3
130,23,8456,6.22
131,0,658,5.7
131,1,418,5.67
131,2,292,5.88
131,3,327,6.67
131,4,422,7.21
131,5,673,6.32
131,6,980,5.34
131,7,1506,4.92
131,8,2029,4.84
131,9,1953,4.19
131,10,1710,4.17
131,11,1576,4.27
131,12,1688,4.49
131,13,1761,4.71
131,14,1853,4.64
131,15,1747,4.32
131,16,1725,4.36
131,17,1931,4.26
131,18,1832,4.4
131,19,1611,4.53
131,20,1362,4.39
131,21,1120,4.54
131,22,1084,5.57
131,23,923,5.59
132,0,22024,9.3
132,1,15004,9.26
132,2,8285,9.03
132,3,4030,7.58
132,4,2839,5.47
132,5,6151,4.26
132,6,9615,3.5
132,7,11818,3.54
132,8,9406,4.11
132,9,9777,4.51
132,10,10985,5.55
132,11,10181,4.98
132,12,11378,4.6
132,13,11842,4.19
132,14,15707,4.65
132,15,20428,5.64
132,16,20489,6.13
132,17,20261,6.14
132,18,17855,5.69
132,19,18888,6.4
132,20,20002,7.33
132,21,21025,7.68
132,22,23845,8.28
132,23,23674,8.28
133,0,794,4.22
133,1,490,4.19
133,2,352,3.79
133,3,358,4.29
133,4,479,4.59
133,5,580,4.23
133,6,1272,3.9
133,7,1830,4.09
133,8,2470,4.02
133,9,2242,3.89
133,10,1900,3.76
133,11,1773,3.88
133,12,1757,4.06
133,13,1884,4.36
133,14,1802,4.03
133,15,1643,3.87
133,16,1687,3.99
133,17,1861,4.0
133,18,1892,4.16
133,19,1728,4.12
133,20,1445,4.07
133,21,1360,4.24
133,22,1306,4.49
133,23,1167,4.52
134,0,1235,5.34
134,1,840,5.18
134,2,545,5.28
134,3,509,5.43
134,4,923,5.6
134,5,1211,4.82
134,6,1796,4.02
134,7,2121,3.94
134,8,2828,3.67
134,9,2558,3.52
134,10,2442,3.74
134,11,2341,4.03
134,12,2377,4.15
134,13,2338,4.17
134,14,2443,3.91
134,15,2595,3.73
134,16,2738,4.03
134,17,2778,4.2
134,18,2700,4.11
134,19,2256,4.11
134,20,1737,4.05
134,21,1681,4.31
134,22,1608,5.33
134,23,1470,5.56
135,0,660,5.83
135,1,367,5.67
135,2,289,5.17
135,3,436,5.67
135,4,460,5.98
135,5,831,5.96
135,6,1373,5.19
135,7,1783,4.77
135,8,2511,4.23
135,9,2356,4.06
135,10,2058,4.16
135,11,1807,4.27
135,12,1769,4.4
135,13,1827,4.37
135,14,1916,4.46
135,15,1906,4.24
135,16,1781,4.26
135,17,1805,4.41
135,18,1684,4.49
135,19,1389,4.64
135,20,1256,4.69
135,21,974,4.67
135,22,963,5.67
135,23,819,5.9
136,0,1477,4.51
136,1,1014,4.47
136,2,706,4.53
136,3,590,5.1
136,4,665,5.93
136,5,1025,4.61
136,6,1793,4.59
136,7,2702,4.76
136,8,3204,4.63
136,9,2799,4.05
136,10,2391,3.98
136,11,2184,3.89
136,12,2221,4.06
136,13,2199,4.59
136,14,2436,4.75
136,15,2635,4.58
136,16,2550,4.66
136,17,2511,4.97
136,18,2535,4.99
136,19,2306,4.86
136,20,2135,5.3
136,21,2145,4.98
136,22,2098,5.17
136,23,2123,5.2
137,0,3484,3.56
137,1,2691,3.28
137,2,1504,3.42
137,3,1405,3.84
137,4,1287,4.52
137,5,1541,4.6
137,6,2291,3.51
137,7,4098,3.48
137,8,4317,3.78
137,9,3921,3.27
137,10,3727,3.24
137,11,3641,3.57
137,12,3899,3.65
137,13,3875,3.76
137,14,3815,3.66
137,15,4438,3.88
137,16,4559,3.89
137,17,4923,4.22
137,18,5190,4.14
137,19,5603,3.81
137,20,4685,3.61
137,21,4569,3.4
137,22,4519,3.72
137,23,4475,3.92
138,0,20556,10.56
138,1,7723,9.03
138,2,2663,8.59
138,3,688,6.99
138,4,334,4.27
138,5,330,3.96
138,6,447,3.52
138,7,5181,3.45
138,8,10062,3.75
138,9,17432,4.1
138,10,20436,4.6
138,11,18080,4.25
138,12,17275,4.26
138,13,20587,4.52
138,14,25816,5.45
138,15,22703,5.05
138,16,22335,4.99
138,17,20981,5.21
138,18,21085,5.57
138,19,22865,6.9
138,20,23068,7.94
138,21,24764,8.72
138,22,23351,9.64
138,23,27321,10.04
139,0,1103,6.4
139,1,775,6.19
139,2,670,6.97
139,3,642,7.07
139,4,851,7.27
139,5,1092,7.27
139,6,1569,5.74
139,7,2260,5.16
139,8,2441,4.84
139,9,2111,4.61
139,10,1965,4.4
139,11,1926,4.44
139,12,1929,4.46
139,13,1973,4.83
139,14,2193,5.04
139,15,2306,4.65
139,16,2363,4.53
139,17,2246,4.53
139,18,2401,4.5
139,19,1957,4.9
139,20,1865,5.26
139,21,1643,5.26
139,22,1609,6.61
139,23,1425,7.02
140,0,1910,3.82
140,1,961,3.53
140,2,747,3.64
140,3,594,3.87
140,4,931,4.48
140,5,1581,4.29
140,6,3083,3.55
140,7,4944,3.26
140,8,5798,3.72
140,9,5409,3.69
140,10,4969,3.53
140,11,5179,3.57
140,12,5270,3.93
140,13,5293,3.99
140,14,5421,4.01
140,15,5580,3.92
140,16,5946,3.97
140,17,6381,4.37
140,18,6121,4.23
140,19,6277,3.99
140,20,4920,4.01
140,21,3856,3.76
140,22,3406,3.87
140,23,3003,3.86
141,0,2279,3.21
141,1,1575,3.03
141,2,1056,3.14
141,3,939,3.73
141,4,1485,4.37
141,5,1918,4.19
141,6,3490,3.56
141,7,4700,3.32
141,8,6348,3.71
141,9,5969,3.56
141,10,5184,3.44
141,11,4878,3.54
141,12,4859,3.67
141,13,4911,3.75
141,14,4835,3.74
141,15,4795,3.64
141,16,4949,3.5
141,17,5984,3.68
141,18,6817,3.67
141,19,6439,3.52
141,20,5263,3.4
141,21,4988,3.26
141,22,4532,3.39
141,23,3139,3.49
142,0,2800,3.51
142,1,2990,3.83
142,2,1150,3.7
142,3,748,3.86
142,4,1009,4.16
142,5,1906,4.83
142,6,2679,3.62
142,7,3894,3.39
142,8,4864,3.69
142,9,5243,3.5
142,10,4918,3.17
142,11,4857,3.33
142,12,4886,3.6
142,13,5178,3.7
142,14,4891,3.53
142,15,5230,3.44
142,16,5313,3.44
142,17,6026,3.73
142,18,6649,3.75
142,19,6095,3.49
142,20,5310,3.38
142,21,5993,3.35
142,22,5218,3.52
142,23,4478,3.81
143,0,1119,3.9
143,1,629,3.9
143,2,418,3.92
143,3,384,4.13
143,4,778,4.62
143,5,1451,4.67
143,6,2691,3.83
143,7,4243,3.67
143,8,5664,4.21
143,9,5515,3.99
143,10,4565,3.42
143,11,4050,3.48
143,12,3946,3.83
143,13,3726,3.78
143,14,3797,3.6
143,15,3655,3.57
143,16,3665,3.57
143,17,4309,3.8
143,18,4654,3.96
143,19,4116,3.72
143,20,3053,3.56
143,21,2503,3.61
143,22,2321,3.72
143,23,1832,3.83
144,0,4847,4.44
144,1,4341,4.7
144,2,3785,4.79
144,3,2813,4.4
144,4,1729,4.92
144,5,1275,4.33
144,6,1366,4.0
144,7,1740,3.59
144,8,2577,3.65
144,9,3061,3.05
144,10,3013,2.94
144,11,3733,3.03
144,12,4354,3.31
144,13,5013,3.58
144,14,5753,3.82
144,15,6159,3.88
144,16,6532,3.99
144,17,7608,4.0
144,18,8047,3.91
144,19,8144,3.38
144,20,7912,3.22
144,21,7808,3.26
144,22,7434,3.72
144,23,6100,4.0
145,0,7091,4.2
145,1,4844,4.07
145,2,3278,4.01
145,3,2433,4.37
145,4,2599,5.28
145,5,3269,4.96
145,6,4750,4.31
145,7,6230,3.72
145,8,7570,3.57
145,9,7705,3.45
145,10,7001,3.59
145,11,7217,3.65
145,12,7198,3.76
145,13,7498,3.74
145,14,7760,3.59
145,15,8270,3.51
145,16,9334,3.53
145,17,10948,3.82
145,18,12258,4.14
145,19,10541,3.88
145,20,9943,3.73
145,21,10188,3.73
145,22,10799,4.2
145,23,9225,4.31
146,0,1953,3.88
146,1,1358,3.71
146,2,824,3.65
146,3,776,4.15
146,4,1024,4.92
146,5,1289,4.04
146,6,1696,3.63
146,7,2010,3.43
146,8,2338,3.6
146,9,2635,3.46
146,10,2487,3.53
146,11,2556,3.69
146,12,2420,3.69
146,13,2459,3.67
146,14,2389,3.47
146,15,2558,3.4
146,16,2867,3.44
146,17,3434,3.53
146,18,3397,3.71
146,19,2977,3.66
146,20,2453,3.6
146,21,2416,3.34
146,22,2729,3.68
146,23,2278,3.82
147,0,1372,4.85
147,1,1018,4.67
147,2,720,4.73
147,3,636,4.95
147,4,811,5.33
147,5,1092,5.12
147,6,1578,4.8
147,7,2191,4.66
147,8,2478,4.12
147,9,2196,4.05
147,10,1808,3.89
147,11,1579,4.04
147,12,1637,4.41
147,13,1804,4.7
147,14,1935,4.57
147,15,2023,4.65
147,16,2045,4.42
147,17,2209,4.43
147,18,2047,4.37
147,19,1943,4.59
147,20,1865,5.01
147,21,1802,4.73
147,22,1871,5.13
147,23,1735,5.29
148,0,12667,5.08
148,1,12291,5.3
148,2,10157,5.78
148,3,7576,5.46
148,4,4956,5.63
148,5,2832,4.42
148,6,2841,4.03
148,7,3255,3.97
148,8,4212,4.28
148,9,4902,3.47
148,10,4824,3.02
148,11,4993,3.05
148,12,5048,3.32
148,13,5397,3.45
148,14,5616,3.53
148,15,5733,3.62
148,16,6107,3.69
148,17,6903,3.53
148,18,8355,3.44
148,19,8976,3.24
148,20,9381,3.16
148,21,10593,3.18
148,22,12429,3.59
148,23,12951,4.04
149,0,1108,4.35
149,1,703,4.54
149,2,499,4.62
149,3,387,4.85
149,4,497,4.9
149,5,689,4.09
149,6,1238,3.85
149,7,1985,3.63
149,8,2892,3.67
149,9,2922,3.51
149,10,2509,3.47
149,11,2312,3.66
149,12,2360,3.65
149,13,2361,3.69
149,14,2350,3.66
149,15,2404,3.62
149,16,2513,3.55
149,17,2885,3.84
149,18,2902,3.97
149,19,2450,3.8
149,20,2059,4.04
149,21,1757,4.04
149,22,1617,4.21
149,23,1436,4.44
150,0,861,5.88
150,1,556,5.71
150,2,290,5.72
150,3,177,4.97
150,4,182,4.38
150,5,222,4.35
150,6,448,4.3
150,7,754,4.29
150,8,1194,3.88
150,9,1020,3.9
150,10,915,3.68
150,11,915,3.6
150,12,945,3.75
150,13,1041,4.05
150,14,1091,3.78
150,15,1094,3.79
150,16,1217,3.96
150,17,1260,4.05
150,18,1181,4.35
150,19,1086,4.2
150,20,1037,4.79
150,21,1032,4.73
150,22,1143,5.17
150,23,1015,5.6
151,0,990,4.35
151,1,619,4.65
151,2,466,4.42
151,3,465,4.48
151,4,685,5.12
151,5,982,5.79
151,6,1710,4.75
151,7,2160,4.07
151,8,2994,4.15
151,9,3187,3.83
151,10,2690,3.38
151,11,2464,3.53
151,12,2498,4.04
151,13,2653,4.34
151,14,2621,4.16
151,15,2794,4.03
151,16,2778,4.13
151,17,2904,4.37
151,18,3128,4.27
151,19,2812,4.08
151,20,2355,4.19
151,21,2192,4.19
151,22,1875,4.16
151,23,1430,4.38
152,0,1452,5.07
152,1,990,5.01
152,2,751,4.67
152,3,617,4.88
152,4,627,6.14
152,5,669,6.46
152,6,1206,5.53
152,7,1762,4.62
152,8,2304,4.45
152,9,2106,4.01
152,10,1800,3.86
152,11,1660,3.93
152,12,1716,4.33
152,13,1753,4.9
152,14,1708,4.77
152,15,1938,4.76
152,16,2179,4.96
152,17,2344,5.21
152,18,2401,5.02
152,19,2264,4.75
152,20,2217,5.22
152,21,2050,5.04
152,22,2169,5.27
152,23,1959,5.47
153,0,466,5.03
153,1,314,5.55
153,2,173,6.19
153,3,109,6.27
153,4,172,6.44
153,5,259,5.12
153,6,422,4.48
153,7,682,5.06
153,8,910,4.58
153,9,838,4.12
153,10,808,4.08
153,11,738,4.12
153,12,835,4.29
153,13,952,4.66
153,14,908,5.03
153,15,1097,4.71
153,16,1148,4.55
153,17,1325,5.14
153,18,1312,4.85
153,19,1177,4.69
153,20,1103,5.34
153,21,1093,5.1
153,22,976,5.16
153,23,747,5.35
154,0,38,8.0
154,1,35,6.53
154,2,22,5.09
154,3,34,6.43
154,4,17,6.68
154,5,26,5.93
154,6,25,6.55
154,7,27,5.83
154,8,41,4.72
154,9,64,4.4
154,10,80,5.06
154,11,64,4.97
154,12,103,4.7
154,13,107,4.57
154,14,126,4.72
154,15,179,4.73
154,16,171,5.47
154,17,144,5.5
154,18,183,5.77
154,19,199,5.73
154,20,168,6.38
154,21,102,6.45
154,22,94,7.13
154,23,58,7.76
155,0,984,5.98
155,1,658,5.64
155,2,477,6.19
155,3,429,6.7
155,4,589,6.14
155,5,850,6.43
155,6,1601,5.61
155,7,2119,5.62
155,8,2799,5.51
155,9,2911,4.47
155,10,2485,4.3
155,11,2617,4.23
155,12,2800,4.26
155,13,3039,4.58
155,14,3268,4.3
155,15,3334,4.42
155,16,3476,4.36
155,17,3794,4.81
155,18,3462,4.98
155,19,3204,5.27
155,20,2770,5.93
155,21,2495,6.21
155,22,2025,6.38
155,23,1423,6.27
156,0,536,6.34
156,1,393,6.68
156,2,320,6.59
156,3,256,7.11
156,4,286,7.02
156,5,669,6.74
156,6,1180,5.22
156,7,1775,4.87
156,8,1879,4.85
156,9,1547,4.69
156,10,1395,4.47
156,11,1277,4.61
156,12,1271,4.73
156,13,1423,5.0
156,14,1578,5.23
156,15,1508,4.89
156,16,1524,4.83
156,17,1699,4.96
156,18,1597,4.8
156,19,1150,4.8
156,20,1020,5.19
156,21,1027,5.67
156,22,1051,6.44
156,23,895,6.71
157,0,1762,4.08
157,1,1602,3.68
157,2,1799,5.84
157,3,2117,7.75
157,4,2416,7.83
157,5,2208,5.09
157,6,2778,5.02
157,7,3653,4.53
157,8,3773,4.46
157,9,3313,4.27
157,10,2798,4.21
157,11,2612,4.29
157,12,2564,4.35
157,13,2474,4.3
157,14,2547,4.21
157,15,2533,3.96
157,16,2653,3.95
157,17,2653,4.09
157,18,2795,4.11
157,19,2589,4.25
157,20,2727,4.59
157,21,3057,5.0
157,22,3401,5.88
157,23,1981,4.29
158,0,3947,4.49
158,1,3176,4.79
158,2,2090,5.23
158,3,1233,5.26
158,4,835,5.37
158,5,915,4.55
158,6,1548,4.13
158,7,2490,3.6
158,8,3572,3.37
158,9,3528,3.05
158,10,2902,2.83
158,11,2986,2.76
158,12,3307,2.94
158,13,3608,3.06
158,14,3893,3.24
158,15,3991,3.3
158,16,4372,3.29
158,17,5073,3.28
158,18,5651,3.26
158,19,5769,3.06
158,20,5939,3.03
158,21,6092,3.56
158,22,6357,4.13
158,23,4940,4.4
159,0,2894,5.16
159,1,1939,4.73
159,2,1463,4.67
159,3,1217,5.14
159,4,1338,5.86
159,5,1649,5.4
159,6,2936,5.08
159,7,4610,4.38
159,8,5135,4.04
159,9,4205,3.83
159,10,3844,3.76
159,11,3927,3.9
159,12,4161,4.38
159,13,4429,4.84
159,14,4782,4.91
159,15,5122,4.87
159,16,5640,4.92
159,17,5699,5.26
159,18,5428,4.7
159,19,4748,4.81
159,20,4507,5.11
159,21,3611,4.99
159,22,3552,5.5
159,23,3689,5.68
160,0,1102,5.34
160,1,696,4.92
160,2,477,5.0
160,3,451,5.69
160,4,648,6.07
160,5,1121,5.66
160,6,1919,5.16
160,7,2529,4.55
160,8,3091,4.45
160,9,2971,4.26
160,10,2263,4.2
160,11,2138,4.12
160,12,2086,4.23
160,13,2267,4.49
160,14,2243,4.34
160,15,2337,4.14
160,16,2308,4.17
160,17,2525,4.31
160,18,2602,4.48
160,19,2197,4.47
160,20,1855,4.74
160,21,1759,4.91
160,22,1629,5.75
160,23,1460,5.62
161,0,7555,3.3
161,1,4668,3.13
161,2,2843,3.24
161,3,1784,3.32
161,4,1406,3.75
161,5,1493,3.61
161,6,1883,3.1
161,7,2889,2.72
161,8,4144,2.83
161,9,5089,2.89
161,10,6321,3.02
161,11,7710,3.21
161,12,8371,3.4
161,13,9273,3.38
161,14,9668,3.27
161,15,10496,3.18
161,16,11533,3.17
161,17,13669,3.59
161,18,14757,3.68
161,19,14663,3.27
161,20,17657,3.69
161,21,17437,3.99
161,22,15514,3.88
161,23,11400,3.58
162,0,4254,3.06
162,1,2633,2.96
162,2,1925,3.18
162,3,1440,3.48
162,4,1617,3.83
162,5,1720,3.7
162,6,2372,3.1
162,7,3141,2.81
162,8,4063,2.81
162,9,4721,2.89
162,10,4903,3.07
162,11,5661,3.24
162,12,5544,3.37
162,13,5892,3.27
162,14,5994,3.21
162,15,6326,3.11
162,16,7003,3.08
162,17,8524,3.37
162,18,9097,3.49
162,19,9378,3.23
162,20,11749,3.29
162,21,10465,3.4
162,22,8198,3.29
162,23,6251,3.2
163,0,4134,3.29
163,1,2338,3.18
163,2,1657,3.1
163,3,1029,3.54
163,4,1362,3.73
163,5,1675,3.74
163,6,2218,3.04
163,7,3345,2.87
163,8,4800,2.94
163,9,5191,2.99
163,10,5821,3.0
163,11,6133,3.17
163,12,6305,3.33
163,13,6421,3.33
163,14,6350,3.29
163,15,6646,3.23
163,16,7153,3.19
163,17,8685,3.35
163,18,9662,3.59
163,19,8604,3.21
163,20,9502,3.23
163,21,8340,3.39
163,22,7134,3.48
163,23,5183,3.44
164,0,7934,3.82
164,1,6259,3.66
164,2,4950,4.0
164,3,3811,4.09
164,4,3389,4.74
164,5,2853,4.21
164,6,3240,3.28
164,7,4351,3.03
164,8,6161,3.12
164,9,6513,3.02
164,10,6637,3.08
164,11,6713,3.38
164,12,6826,3.52
164,13,6713,3.74
164,14,6848,3.63
164,15,6914,3.44
164,16,7910,3.52
164,17,9477,3.84
164,18,10867,3.86
164,19,10483,3.37
164,20,10252,3.21
164,21,10104,3.36
164,22,10080,3.8
164,23,10130,4.34
165,0,965,4.43
165,1,586,4.46
165,2,429,4.21
165,3,383,5.21
165,4,529,4.49
165,5,834,4.07
165,6,1425,3.71
165,7,2249,3.77
165,8,3643,3.85
165,9,3652,3.7
165,10,3104,3.73
165,11,2796,3.72
165,12,2935,3.93
165,13,3070,4.08
165,14,3102,4.0
165,15,3000,3.83
165,16,3058,3.95
165,17,3159,3.99
165,18,3201,4.1
165,19,2731,3.95
165,20,2227,4.27
165,21,1871,4.1
165,22,1656,4.39
165,23,1365,4.59
166,0,1826,4.26
166,1,1155,3.97
166,2,784,3.99
166,3,635,4.18
166,4,672,5.66
166,5,816,5.8
166,6,1444,4.46
166,7,2459,3.76
166,8,3310,3.78
166,9,3456,3.44
166,10,3181,3.38
166,11,3361,3.46
166,12,3444,3.8
166,13,3533,4.22
166,14,3497,4.11
166,15,4016,3.97
166,16,4326,4.14
166,17,4497,4.6
166,18,4108,4.4
166,19,3843,4.19
166,20,3582,4.49
166,21,3024,4.13
166,22,2742,4.42
166,23,2502,4.46
167,0,2486,4.89
167,1,1531,4.65
167,2,1234,4.76
167,3,1088,4.89
167,4,1189,6.06
167,5,1671,5.47
167,6,2651,5.49
167,7,4593,5.14
167,8,4945,4.72
167,9,4341,4.24
167,10,3361,4.24
167,11,3060,4.26
167,12,3071,4.55
167,13,3192,4.99
167,14,3533,4.96
167,15,3756,4.59
167,16,3714,4.59
167,17,3865,4.78
167,18,3468,4.45
167,19,3257,4.81
167,20,3101,5.18
167,21,3103,4.91
167,22,3281,5.32
167,23,3230,5.37
168,0,4913,5.4
168,1,3434,5.04
168,2,2566,4.93
168,3,2303,5.1
168,4,2273,6.18
168,5,2859,5.78
168,6,4464,5.02
168,7,7130,4.56
168,8,7579,4.46
168,9,6374,4.1
168,10,5519,4.15
168,11,5186,4.3
168,12,5428,4.62
168,13,5597,4.99
168,14,6097,5.11
168,15,6449,5.01
168,16,6932,5.0
168,17,7147,5.26
168,18,7130,4.95
168,19,6499,5.0
168,20,5928,5.51
168,21,5653,5.21
168,22,6244,5.85
168,23,6027,6.12
169,0,3480,4.66
169,1,2308,4.58
169,2,1676,4.71
169,3,1416,5.01
169,4,1324,5.82
169,5,1830,5.06
169,6,3214,5.06
169,7,4965,5.3
169,8,5531,4.9
169,9,5157,4.23
169,10,4201,4.13
169,11,3935,4.2
169,12,4088,4.34
169,13,4283,4.92
169,14,4514,5.09
169,15,4782,5.08
169,16,4858,4.92
169,17,5055,5.18
169,18,4792,4.82
169,19,4605,4.93
169,20,4204,5.14
169,21,4000,4.87
169,22,4247,4.91
169,23,3921,5.01
170,0,4036,3.4
170,1,2731,3.15
170,2,1885,3.35
170,3,1413,3.61
170,4,1573,4.23
170,5,2097,3.99
170,6,3612,3.25
170,7,4879,3.11
170,8,7065,3.26
170,9,6909,3.19
170,10,6726,3.23
170,11,6780,3.41
170,12,7106,3.61
170,13,7159,3.66
170,14,7333,3.51
170,15,7532,3.59
170,16,8185,3.48
170,17,9676,3.84
170,18,10415,3.83
170,19,10010,3.48
170,20,8835,3.36
170,21,7956,3.39
170,22,7532,3.61
170,23,6103,3.62
171,0,1048,5.43
171,1,880,5.33
171,2,781,5.04
171,3,710,4.92
171,4,764,5.36
171,5,941,4.96
171,6,1326,4.62
171,7,1965,4.11
171,8,2613,4.11
171,9,2361,3.68
171,10,2211,3.69
171,11,1940,3.71
171,12,1984,3.92
171,13,2098,3.83
171,14,2169,3.87
171,15,2185,3.71
171,16,2040,3.79
171,17,2215,3.93
171,18,2201,4.27
171,19,2001,4.25
171,20,1884,4.43
171,21,1711,4.5
171,22,1709,5.61
171,23,1549,5.56
172,0,266,9.0
172,1,198,9.14
172,2,130,8.22
172,3,102,8.33
172,4,97,8.75
172,5,178,7.92
172,6,326,6.41
172,7,478,5.33
172,8,622,5.23
172,9,593,4.97
172,10,612,4.82
172,11,621,4.53
172,12,744,4.7
172,13,792,5.59
172,14,780,5.08
172,15,736,4.92
172,16,782,4.92
172,17,768,5.26
172,18,755,5.79
172,19,676,5.6
172,20,635,5.83
172,21,573,6.56
172,22,480,7.07
172,23,337,8.35
173,0,2190,6.12
173,1,2141,5.9
173,2,1594,5.35
173,3,1537,5.37
173,4,1784,5.96
173,5,1958,5.26
173,6,2262,4.7
173,7,2473,4.5
173,8,2819,4.4
173,9,2602,4.06
173,10,2283,4.02
173,11,2195,4.1
173,12,2191,4.29
173,13,2176,4.28
173,14,2414,4.55
173,15,2376,4.38
173,16,2330,4.65
173,17,2381,5.05
173,18,2766,5.49
173,19,2782,5.87
173,20,2553,6.17
173,21,2668,5.72
173,22,2712,6.76
173,23,2488,6.81
174,0,2646,4.7
174,1,1781,4.54
174,2,1223,4.57
174,3,930,5.17
174,4,1263,5.68
174,5,1625,4.68
174,6,3058,4.68
174,7,4504,4.35
174,8,5046,4.12
174,9,4724,3.98
174,10,4448,4.02
174,11,4190,3.98
174,12,4149,4.08
174,13,4068,4.19
174,14,4439,4.1
174,15,4866,3.95
174,16,4965,3.95
174,17,5035,4.21
174,18,4472,4.1
174,19,4333,4.11
174,20,3734,4.34
174,21,3418,4.17
174,22,3445,4.65
174,23,3868,4.56
175,0,266,6.85
175,1,134,6.98
175,2,118,6.27
175,3,153,6.78
175,4,201,6.93
175,5,322,6.48
175,6,484,5.53
175,7,779,5.0
175,8,1175,5.31
175,9,984,4.54
175,10,880,4.48
175,11,775,4.58
175,12,787,4.54
175,13,860,4.76
175,14,877,4.78
175,15,891,5.01
175,16,846,4.69
175,17,841,4.67
175,18,759,4.93
175,19,552,5.02
175,20,537,5.24
175,21,487,5.74
175,22,474,7.06
175,23,333,7.12
176,0,98,7.75
176,1,64,8.97
176,2,59,8.33
176,3,59,9.1
176,4,131,7.7
176,5,183,7.7
176,6,269,6.26
176,7,407,5.74
176,8,499,5.58
176,9,400,5.14
176,10,313,5.06
176,11,349,5.21
176,12,398,5.27
176,13,373,5.71
176,14,426,5.01
176,15,448,5.17
176,16,390,5.3
176,17,384,5.23
176,18,350,5.84
176,19,277,5.54
176,20,250,6.07
176,21,184,6.83
176,22,187,7.6
176,23,158,8.92
177,0,4076,4.9
177,1,2635,4.58
177,2,1941,4.81
177,3,1573,5.21
177,4,1578,6.55
177,5,1890,6.54
177,6,2840,6.29
177,7,3935,6.09
177,8,4805,6.34
177,9,4281,5.92
177,10,3574,5.15
177,11,3524,4.82
177,12,3676,5.26
177,13,3712,5.64
177,14,4259,5.44
177,15,4198,4.89
177,16,4390,4.54
177,17,4902,4.8
177,18,4835,4.67
177,19,4546,4.78
177,20,4568,5.06
177,21,4235,4.95
177,22,4560,5.32
177,23,4548,5.32
178,0,302,4.95
178,1,175,4.05
178,2,110,5.05
178,3,88,4.62
178,4,140,5.5
178,5,149,4.83
178,6,394,3.92
178,7,694,3.74
178,8,1150,3.8
178,9,1103,3.75
178,10,975,3.84
178,11,893,3.74
178,12,868,3.82
178,13,867,4.06
178,14,866,3.81
178,15,838,3.92
178,16,875,3.87
178,17,993,3.92
178,18,929,4.1
178,19,799,3.9
178,20,588,4.11
178,21,547,4.22
178,22,483,4.49
178,23,382,4.69
179,0,1836,4.45
179,1,1300,4.16
179,2,1012,4.5
179,3,907,4.69
179,4,1397,5.16
179,5,1780,4.09
179,6,2875,3.91
179,7,3439,3.77
179,8,4333,4.08
179,9,3992,4.01
179,10,3407,3.9
179,11,3411,3.9
179,12,3317,3.83
179,13,3336,3.85
179,14,3492,3.71
179,15,3549,3.91
179,16,3526,3.82
179,17,4061,3.8
179,18,4154,4.06
179,19,3561,4.08
179,20,3072,4.05
179,21,3009,3.93
179,22,2823,4.17
179,23,2471,4.56
180,0,1118,5.48
180,1,853,5.24
180,2,634,6.15
180,3,505,6.0
180,4,631,5.73
180,5,870,4.82
180,6,1032,4.22
180,7,1487,3.98
180,8,1809,4.43
180,9,1665,4.25
180,10,1390,4.13
180,11,1430,4.04
180,12,1514,4.12
180,13,1633,4.0
180,14,1710,3.97
180,15,1772,3.87
180,16,1950,3.86
180,17,2219,3.65
180,18,2202,4.12
180,19,1963,4.04
180,20,1850,4.11
180,21,1581,4.4
180,22,1685,4.81
180,23,1372,5.46
181,0,6271,4.36
181,1,3554,3.81
181,2,2203,3.86
181,3,1610,4.22
181,4,1766,4.5
181,5,2601,4.29
181,6,3745,3.76
181,7,4927,3.31
181,8,7364,3.34
181,9,6790,3.27
181,10,6738,3.24
181,11,6934,3.32
181,12,7176,3.44
181,13,7632,3.63
181,14,8107,3.46
181,15,8465,3.39
181,16,8871,3.34
181,17,9733,3.53
181,18,10895,3.53
181,19,9751,3.45
181,20,9498,3.7
181,21,9452,3.87
181,22,9589,4.5
181,23,8075,4.54
182,0,1163,4.8
182,1,781,4.63
182,2,545,5.33
182,3,470,5.31
182,4,755,5.98
182,5,1344,5.01
182,6,2166,4.94
182,7,3127,4.83
182,8,3680,4.76
182,9,3267,4.23
182,10,2589,3.93
182,11,2482,4.15
182,12,2427,4.15
182,13,2497,4.4
182,14,2625,4.35
182,15,2515,4.16
182,16,2444,3.82
182,17,2659,4.05
182,18,2867,4.22
182,19,2343,4.48
182,20,2153,4.6
182,21,2106,4.59
182,22,2045,5.01
182,23,1502,5.42
183,0,681,5.13
183,1,459,5.27
183,2,360,5.45
183,3,327,6.06
183,4,348,6.36
183,5,544,5.24
183,6,1013,5.09
183,7,1431,4.61
183,8,1844,4.47
183,9,1747,4.35
183,10,1383,4.02
183,11,1321,3.98
183,12,1326,4.04
183,13,1419,4.22
183,14,1670,4.0
183,15,1462,4.0
183,16,1454,3.92
183,17,1471,4.09
183,18,1529,4.24
183,19,1404,4.9
183,20,1373,5.37
183,21,1121,5.66
183,22,1042,6.21
183,23,883,6.28
184,0,163,4.9
184,1,110,4.77
184,2,57,5.43
184,3,57,5.33
184,4,55,5.95
184,5,73,5.52
184,6,115,4.9
184,7,204,4.61
184,8,186,4.82
184,9,224,4.1
184,10,203,3.99
184,11,209,4.34
184,12,267,4.63
184,13,344,5.03
184,14,456,5.09
184,15,548,5.12
184,16,606,5.87
184,17,641,7.0
184,18,667,7.82
184,19,593,8.32
184,20,430,7.39
184,21,300,7.2
184,22,260,6.84
184,23,227,7.26
185,0,1626,5.04
185,1,920,4.83
185,2,693,5.44
185,3,530,5.4
185,4,739,6.08
185,5,1363,5.17
185,6,2079,4.88
185,7,3112,4.57
185,8,3868,4.45
185,9,3370,3.9
185,10,3243,3.83
185,11,3039,3.82
185,12,3236,3.99
185,13,3143,4.06
185,14,3452,4.25
185,15,3434,3.95
185,16,3471,4.19
185,17,3703,4.54
185,18,3487,4.38
185,19,3110,4.51
185,20,2773,4.7
185,21,2370,4.99
185,22,2361,5.39
185,23,2322,5.96
186,0,4944,3.8
186,1,3776,3.72
186,2,2573,3.85
186,3,2007,4.43
186,4,1573,4.42
186,5,1581,3.69
186,6,2083,2.9
186,7,2848,2.66
186,8,4283,2.85
186,9,4622,2.85
186,10,4329,2.82
186,11,4753,3.17
186,12,4380,3.38
186,13,4538,3.68
186,14,4487,3.47
186,15,4738,3.42
186,16,5103,3.4
186,17,5937,3.56
186,18,6639,3.58
186,19,6366,3.13
186,20,5358,3.0
186,21,5356,3.36
186,22,6569,4.35
186,23,8572,5.71
187,0,334,6.88
187,1,254,6.29
187,2,165,7.18
187,3,155,7.5
187,4,176,7.19
187,5,274,7.53
187,6,495,6.03
187,7,689,5.2
187,8,886,5.3
187,9,884,4.66
187,10,722,4.53
187,11,784,4.58
187,12,710,4.68
187,13,768,4.94
187,14,902,5.44
187,15,951,4.99
187,16,899,4.76
187,17,1039,5.04
187,18,938,5.32
187,19,748,4.95
187,20,717,5.11
187,21,605,5.7
187,22,609,6.84
187,23,436,7.81
188,0,5084,4.28
188,1,3332,4.15
188,2,2458,4.4
188,3,1892,4.94
188,4,2039,5.94
188,5,2756,6.3
188,6,4350,6.12
188,7,5956,5.52
188,8,7234,5.54
188,9,7290,4.77
188,10,6816,4.44
188,11,6352,4.45
188,12,6513,4.59
188,13,6603,5.49
188,14,7493,5.44
188,15,7861,4.79
188,16,8277,4.54
188,17,8704,4.96
188,18,8871,4.99
188,19,8344,4.8
188,20,7449,4.86
188,21,6716,4.52
188,22,7276,4.7
188,23,6822,4.49
189,0,2779,4.25
189,1,1639,3.93
189,2,1006,4.05
189,3,658,4.29
189,4,783,5.3
189,5,1095,5.77
189,6,1422,5.26
189,7,1903,4.39
189,8,2605,4.5
189,9,2434,3.97
189,10,2536,3.72
189,11,2489,3.77
189,12,2613,4.09
189,13,2717,4.51
189,14,2850,4.47
189,15,3074,4.29
189,16,3137,4.03
189,17,3647,4.34
189,18,4345,4.35
189,19,4142,4.08
189,20,3829,4.11
189,21,3900,3.91
189,22,4165,4.43
189,23,3515,4.6
190,0,398,3.84
190,1,213,4.0
190,2,130,4.03
190,3,94,4.37
190,4,71,5.18
190,5,76,5.05
190,6,94,5.97
190,7,162,4.28
190,8,264,4.35
190,9,342,3.73
190,10,330,3.66
190,11,412,3.67
190,12,582,3.96
190,13,748,4.81
190,14,761,4.72
190,15,1006,4.33
190,16,1014,4.25
190,17,987,4.74
190,18,819,4.62
190,19,717,4.46
190,20,717,4.73
190,21,608,4.45
190,22,641,4.7
190,23,566,4.59
191,0,1613,6.49
191,1,900,6.42
191,2,740,5.99
191,3,838,6.76
191,4,1086,6.98
191,5,1480,6.44
191,6,2309,5.8
191,7,3675,5.32
191,8,4111,5.22
191,9,3833,4.67
191,10,3138,4.33
191,11,2862,4.35
191,12,2883,4.67
191,13,2848,4.61
191,14,3086,4.76
191,15,2952,4.55
191,16,3196,4.5
191,17,3251,4.28
191,18,3179,4.41
191,19,2799,4.42
191,20,2407,4.86
191,21,2195,5.01
191,22,2342,5.91
191,23,2055,6.49
192,0,583,5.63
192,1,375,5.1
192,2,294,5.0
192,3,296,4.97
192,4,427,5.34
192,5,717,5.43
192,6,988,4.34
192,7,1707,4.16
192,8,1644,4.19
192,9,1536,3.75
192,10,1645,3.87
192,11,1521,3.9
192,12,1680,3.98
192,13,1425,3.99
192,14,1562,3.94
192,15,1677,3.84
192,16,1507,3.84
192,17,1488,4.02
192,18,1254,4.01
192,19,1515,4.2
192,20,1383,4.39
192,21,1172,4.29
192,22,1196,5.7
192,23,972,5.75
193,0,866,3.91
193,1,623,4.47
193,2,487,4.43
193,3,481,5.18
193,4,664,5.25
193,5,893,4.43
193,6,1403,4.43
193,7,1822,3.77
193,8,2367,4.08
193,9,2084,3.87
193,10,2031,4.2
193,11,2103,4.37
193,12,1997,4.33
193,13,1865,4.37
193,14,1782,4.21
193,15,1868,4.04
193,16,2148,4.13
193,17,2186,4.25
193,18,2132,4.49
193,19,1932,4.71
193,20,1749,4.47
193,21,1339,4.13
193,22,1373,4.04
193,23,1092,4.2
194,0,61,10.47
194,1,32,9.98
194,2,18,10.88
194,3,16,8.07
194,4,8,11.47
194,5,33,8.46
194,6,11,5.48
194,7,46,4.25
194,8,69,4.3
194,9,115,4.39
194,10,115,5.16
194,11,132,5.8
194,12,190,6.63
194,13,192,5.7
194,14,207,6.4
194,15,257,6.52
194,16,260,6.22
194,17,239,6.14
194,18,244,7.37
194,19,259,6.99
194,20,306,7.44
194,21,260,9.4
194,22,179,9.82
194,23,148,9.87
195,0,1212,6.38
195,1,650,5.73
195,2,422,5.58
195,3,317,5.69
195,4,446,5.92
195,5,448,5.29
195,6,657,5.3
195,7,962,4.8
195,8,1361,4.76
195,9,1318,4.48
195,10,1186,4.33
195,11,1124,3.99
195,12,1449,4.06
195,13,1778,4.3
195,14,2012,4.13
195,15,2419,4.41
195,16,2687,4.62
195,17,2905,4.7
195,18,2983,4.55
195,19,2869,5.14
195,20,2763,6.01
195,21,2529,6.33
195,22,2439,7.37
195,23,1812,7.22
196,0,1019,5.5
196,1,577,5.01
196,2,419,4.78
196,3,373,5.24
196,4,605,5.89
196,5,944,5.02
196,6,1567,4.81
196,7,2103,4.33
196,8,2707,4.2
196,9,2750,3.94
196,10,2839,4.03
196,11,2844,4.14
196,12,2794,4.28
196,13,3071,4.42
196,14,3170,4.24
196,15,3158,4.27
196,16,3356,4.22
196,17,3436,4.53
196,18,3636,4.96
196,19,3397,4.89
196,20,2738,4.71
196,21,2178,4.79
196,22,1634,6.02
196,23,1371,5.61
197,0,2280,5.13
197,1,1759,5.37
197,2,1541,5.39
197,3,1612,6.23
197,4,2165,6.61
197,5,2659,4.85
197,6,3684,4.41
197,7,4765,4.28
197,8,5697,4.12
197,9,5164,3.81
197,10,4455,3.82
197,11,4166,3.88
197,12,4511,4.05
197,13,4332,4.37
197,14,4361,4.11
197,15,4556,4.05
197,16,4518,4.14
197,17,4640,4.17
197,18,4472,4.15
197,19,4307,4.35
197,20,3793,4.3
197,21,3204,4.34
197,22,3063,5.06
197,23,2900,5.38
198,0,5344,4.1
198,1,4235,4.14
198,2,3475,4.88
198,3,3041,6.04
198,4,3220,6.67
198,5,3009,5.65
198,6,4036,5.97
198,7,4566,4.86
198,8,5272,4.79
198,9,5093,4.57
198,10,4817,4.25
198,11,4731,4.21
198,12,4810,4.3
198,13,5037,4.58
198,14,5233,4.45
198,15,5305,4.18
198,16,5616,3.9
198,17,6051,3.82
198,18,7056,4.2
198,19,6486,4.2
198,20,6163,4.2
198,21,6107,4.24
198,22,6320,4.55
198,23,6068,4.16
199,6,1,6.92
199,8,1,15.03
199,14,1,32.35
199,15,1,9.72
199,17,1,15.77
199,18,1,5.93
200,0,726,6.23
200,1,391,6.31
200,2,237,6.11
200,3,213,7.23
200,4,405,7.55
200,5,688,5.67
200,6,1401,4.86
200,7,2139,4.92
200,8,2729,4.62
200,9,2413,4.52
200,10,1903,4.7
200,11,2041,4.64
200,12,1992,4.74
200,13,2037,4.88
200,14,2062,5.01
200,15,2257,4.85
200,16,2323,5.04
200,17,2299,5.27
200,18,1969,5.16
200,19,1548,5.27
200,20,1465,6.25
200,21,1286,6.09
200,22,1310,6.23
200,23,1224,6.38
201,0,706,7.31
201,1,653,8.33
201,2,594,8.18
201,3,395,8.08
201,4,308,8.96
201,5,290,8.05
201,6,339,8.63
201,7,429,5.92
201,8,630,6.78
201,9,655,6.53
201,10,702,5.39
201,11,838,5.39
201,12,913,5.14
201,13,944,4.95
201,14,1006,5.18
201,15,985,5.6
201,16,1121,6.13
201,17,1202,6.58
201,18,1220,6.27
201,19,1188,5.97
201,20,1008,6.68
201,21,879,7.19
201,22,877,9.11
201,23,790,8.15
202,0,282,6.78
202,1,283,8.48
202,2,104,6.72
202,3,118,6.98
202,4,223,7.4
202,5,258,7.77
202,6,402,6.64
202,7,485,5.73
202,8,559,5.7
202,9,633,6.32
202,10,546,6.06
202,11,546,6.0
202,12,528,6.11
202,13,539,5.76
202,14,601,5.91
202,15,591,6.12
202,16,646,5.9
202,17,758,6.22
202,18,735,6.45
202,19,660,6.6
202,20,592,6.66
202,21,564,6.7
202,22,584,6.62
202,23,472,6.81
203,0,1086,6.88
203,1,739,7.13
203,2,475,7.45
203,3,517,7.85
203,4,730,7.66
203,5,1230,7.6
203,6,1774,7.14
203,7,2410,6.77
203,8,2291,6.51
203,9,2094,6.17
203,10,1957,5.96
203,11,1821,5.73
203,12,1778,5.95
203,13,1915,6.4
203,14,2088,6.64
203,15,1956,6.09
203,16,2024,5.71
203,17,2391,5.68
203,18,2325,6.07
203,19,1870,5.95
203,20,1676,6.69
203,21,1587,6.45
203,22,1465,7.22
203,23,1264,7.47
204,0,127,8.08
204,1,70,9.3
204,2,53,9.16
204,3,67,8.75
204,4,94,8.8
204,5,125,8.05
204,6,217,6.38
204,7,235,5.43
204,8,400,5.94
204,9,403,5.49
204,10,292,5.27
204,11,271,5.24
204,12,306,4.86
204,13,296,5.18
204,14,301,5.28
204,15,259,4.93
204,16,301,4.94
204,17,350,5.63
204,18,302,5.33
204,19,241,5.9
204,20,212,6.27
204,21,153,6.95
204,22,179,7.73
204,23,193,9.21
205,0,2173,6.11
205,1,1622,6.17
205,2,1373,6.43
205,3,1176,6.74
205,4,1641,7.66
205,5,2341,7.43
205,6,3460,6.89
205,7,4680,6.08
205,8,5387,6.1
205,9,4975,5.28
205,10,4228,4.63
205,11,3954,4.68
205,12,3977,4.9
205,13,4386,5.2
205,14,4644,5.34
205,15,4483,4.84
205,16,4473,4.36
205,17,4565,4.38
205,18,4217,4.44
205,19,3901,4.8
205,20,3479,5.04
205,21,3313,5.22
205,22,3407,5.9
205,23,3002,6.39
206,0,1109,7.39
206,1,853,7.87
206,2,595,8.09
206,3,553,7.85
206,4,587,7.24
206,5,778,7.46
206,6,1322,6.0
206,7,1954,5.44
206,8,2738,5.27
206,9,2290,4.63
206,10,1990,4.63
206,11,1901,4.6
206,12,1978,4.41
206,13,2171,4.74
206,14,2470,4.91
206,15,2494,4.52
206,16,2564,4.28
206,17,2845,4.78
206,18,2529,4.76
206,19,1979,4.49
206,20,1868,5.08
206,21,1930,5.6
206,22,1683,6.29
206,23,1485,7.21
207,0,97,4.4
207,1,95,3.98
207,2,78,4.72
207,3,61,3.77
207,4,409,3.68
207,5,378,3.22
207,6,44,2.8
207,7,121,3.7
207,8,93,3.6
207,9,60,3.53
207,10,343,3.86
207,11,326,3.87
207,12,118,3.41
207,13,492,4.1
207,14,271,4.04
207,15,157,3.63
207,16,149,3.58
207,17,106,3.9
207,18,110,3.38
207,19,78,3.92
207,20,71,4.3
207,21,72,3.98
207,22,90,3.96
207,23,60,4.19
208,0,2092,6.21
208,1,1423,5.59
208,2,1243,5.96
208,3,914,5.97
208,4,1075,6.54
208,5,1418,5.57
208,6,2329,5.08
208,7,3616,5.24
208,8,3773,4.65
208,9,3186,4.54
208,10,3066,4.38
208,11,2921,4.32
208,12,2984,4.43
208,13,3225,4.43
208,14,3443,4.38
208,15,3393,4.15
208,16,3355,4.08
208,17,3529,4.04
208,18,3456,4.49
208,19,3092,4.82
208,20,3160,5.42
208,21,3013,5.31
208,22,3060,6.42
208,23,2650,6.76
209,0,1661,4.88
209,1,1172,4.72
209,2,821,4.52
209,3,622,4.31
209,4,605,4.74
209,5,580,4.39
209,6,838,4.14
209,7,1102,3.87
209,8,1494,3.74
209,9,1468,3.49
209,10,1426,3.36
209,11,1602,3.69
209,12,1654,3.87
209,13,1515,3.88
209,14,1521,4.08
209,15,1621,3.86
209,16,1786,4.02
209,17,1876,4.15
209,18,2239,4.13
209,19,2285,3.85
209,20,2223,3.87
209,21,2481,4.0
209,22,2535,4.91
209,23,2054,4.88
210,0,1576,5.74
210,1,1316,5.69
210,2,1069,5.89
210,3,690,5.13
210,4,779,5.09
210,5,1032,5.04
210,6,1831,4.07
210,7,3002,3.99
210,8,4295,3.93
210,9,3931,3.71
210,10,3076,3.63
210,11,3075,3.63
210,12,3139,3.75
210,13,3233,3.79
210,14,3510,3.73
210,15,3520,3.68
210,16,3637,3.68
210,17,4014,3.87
210,18,3994,3.93
210,19,3433,3.91
210,20,2995,4.09
210,21,2707,4.48
210,22,2499,4.72
210,23,2118,5.16
211,0,3546,4.03
211,1,2636,3.89
211,2,1664,3.96
211,3,894,3.68
211,4,662,4.24
211,5,800,4.14
211,6,1004,3.77
211,7,1470,3.52
211,8,2365,3.37
211,9,2486,2.93
211,10,2642,2.73
211,11,3121,2.81
211,12,3720,2.91
211,13,4411,3.12
211,14,4812,3.3
211,15,5582,3.49
211,16,5863,3.55
211,17,6623,3.52
211,18,7471,3.56
211,19,7224,3.19
211,20,6146,3.07
211,21,5937,3.28
211,22,5548,3.6
211,23,4606,3.71
212,0,1765,4.52
212,1,1316,4.41
212,2,938,5.05
212,3,918,5.18
212,4,1054,5.98
212,5,1269,5.29
212,6,2094,5.57
212,7,2734,5.65
212,8,3137,5.42
212,9,3056,4.84
212,10,2416,4.35
212,11,2539,4.35
212,12,2432,4.58
212,13,2569,4.91
212,14,2652,4.51
212,15,2687,4.36
212,16,2748,4.14
212,17,2739,4.1
212,18,2921,4.48
212,19,2774,4.51
212,20,2447,4.64
212,21,2471,4.44
212,22,2401,4.83
212,23,2142,5.12
213,0,2435,5.39
213,1,1614,5.29
213,2,1112,5.86
213,3,979,5.97
213,4,1406,6.51
213,5,2331,5.98
213,6,3963,6.04
213,7,5526,6.38
213,8,6163,6.17
213,9,5324,5.43
213,10,4633,4.79
213,11,4230,4.62
213,12,4291,4.75
213,13,4614,4.96
213,14,5197,4.76
213,15,5003,4.59
213,16,5242,4.26
213,17,5265,4.29
213,18,5474,4.42
213,19,4946,4.81
213,20,4982,5.2
213,21,4496,5.25
213,22,4208,5.96
213,23,3556,6.14
214,0,361,8.0
214,1,220,8.05
214,2,153,7.99
214,3,131,7.12
214,4,157,7.97
214,5,250,8.03
214,6,444,4.86
214,7,842,4.53
214,8,1057,4.54
214,9,1060,4.2
214,10,1002,3.97
214,11,931,4.23
214,12,929,4.24
214,13,924,4.48
214,14,1084,4.27
214,15,1182,4.19
214,16,1033,4.39
214,17,945,4.98
214,18,831,5.29
214,19,761,5.25
214,20,633,5.79
214,21,561,6.13
214,22,592,6.91
214,23,638,8.0
215,0,1322,5.99
215,1,964,5.92
215,2,784,6.22
215,3,933,6.33
215,4,1214,6.44
215,5,2163,5.64
215,6,2899,5.15
215,7,4119,5.36
215,8,4405,5.14
215,9,3976,4.62
215,10,3184,4.41
215,11,3131,4.56
215,12,3057,4.71
215,13,3266,4.99
215,14,3295,4.66
215,15,3188,4.42
215,16,2777,4.27
215,17,2881,4.27
215,18,2695,4.32
215,19,2410,4.47
215,20,2378,4.56
215,21,2179,4.83
215,22,2344,5.66
215,23,1916,6.15
216,0,3918,5.17
216,1,3162,5.23
216,2,3080,5.58
216,3,3390,5.78
216,4,4140,5.85
216,5,3965,4.42
216,6,5586,4.01
216,7,6618,4.08
216,8,7363,4.29
216,9,6508,4.02
216,10,5530,3.82
216,11,5105,3.82
216,12,5674,3.89
216,13,6118,3.88
216,14,6333,3.65
216,15,6222,3.6
216,16,6382,3.59
216,17,6548,3.54
216,18,6526,3.74
216,19,5993,3.69
216,20,5610,3.84
216,21,5004,4.06
216,22,4994,4.71
216,23,4637,4.99
217,0,574,4.74
217,1,339,4.4
217,2,227,5.01
217,3,210,5.44
217,4,197,5.62
217,5,278,5.68
217,6,414,6.19
217,7,565,5.83
217,8,769,6.38
217,9,1327,5.93
217,10,1615,4.7
217,11,1503,4.71
217,12,1454,4.74
217,13,1498,5.05
217,14,1588,5.25
217,15,1587,5.19
217,16,1572,5.29
217,17,1569,5.35
217,18,1542,5.24
217,19,1336,4.69
217,20,1061,4.34
217,21,1030,4.25
217,22,1028,4.82
217,23,936,4.68
218,0,1098,6.35
218,1,755,6.19
218,2,652,6.14
218,3,754,6.34
218,4,1042,6.22
218,5,1368,5.59
218,6,1922,5.3
218,7,2515,4.94
218,8,2595,5.18
218,9,2414,4.82
218,10,2210,4.91
218,11,1961,4.95
218,12,2001,4.99
218,13,2101,4.95
218,14,2194,4.73
218,15,2118,4.67
218,16,2137,4.38
218,17,2190,4.58
218,18,1986,4.55
218,19,1736,4.97
218,20,1687,5.26
218,21,1534,5.38
218,22,1456,5.73
218,23,1360,6.81
219,0,913,6.18
219,1,632,6.69
219,2,527,6.55
219,3,625,6.19
219,4,818,6.4
219,5,1350,5.93
219,6,1869,5.32
219,7,2328,5.29
219,8,2444,5.32
219,9,2113,5.01
219,10,1897,4.95
219,11,1687,5.12
219,12,1695,5.04
219,13,1819,5.2
219,14,1970,5.18
219,15,1939,4.96
219,16,1858,4.91
219,17,1911,5.09
219,18,1481,5.14
219,19,1403,5.29
219,20,1232,5.42
219,21,1118,5.87
219,22,1265,6.41
219,23,1277,6.87
220,0,1947,5.11
220,1,1247,4.9
220,2,853,5.09
220,3,647,5.66
220,4,739,6.57
220,5,1077,4.84
220,6,2171,4.46
220,7,2927,4.52
220,8,3860,4.19
220,9,3539,3.96
220,10,3255,4.01
220,11,3354,3.94
220,12,3449,3.98
220,13,3618,4.32
220,14,3864,4.37
220,15,4008,4.28
220,16,4195,4.18
220,17,4479,4.55
220,18,4375,4.65
220,19,3811,4.56
220,20,3600,5.01
220,21,3295,5.01
220,22,3013,5.08
220,23,2605,5.05
221,0,758,6.73
221,1,526,7.09
221,2,391,7.11
221,3,361,6.86
221,4,336,7.97
221,5,595,7.73
221,6,978,6.5
221,7,1491,6.06
221,8,1905,5.93
221,9,1779,5.29
221,10,1385,4.94
221,11,1368,4.9
221,12,1398,4.83
221,13,1580,5.34
221,14,1531,5.19
221,15,1647,4.7
221,16,1657,4.7
221,17,1635,4.66
221,18,1413,4.98
221,19,1308,4.73
221,20,1150,5.33
221,21,1067,5.28
221,22,1003,6.12
221,23,996,6.97
222,0,495,6.11
222,1,300,5.51
222,2,248,5.74
222,3,257,6.26
222,4,410,6.11
222,5,626,6.02
222,6,1121,5.25
222,7,1682,5.81
222,8,1650,5.89
222,9,1487,5.18
222,10,1292,4.91
222,11,1272,5.02
222,12,1395,5.32
222,13,1312,5.49
222,14,1427,5.3
222,15,1402,5.08
222,16,1350,4.83
222,17,1324,4.88
222,18,1171,5.44
222,19,980,5.27
222,20,967,6.08
222,21,893,5.94
222,22,878,6.85
222,23,734,6.82
223,0,3001,4.13
223,1,2088,3.98
223,2,1612,4.54
223,3,1397,5.06
223,4,1934,5.23
223,5,2391,3.69
223,6,3354,3.29
223,7,4497,3.2
223,8,5319,3.21
223,9,4492,3.29
223,10,4032,3.4
223,11,4026,3.36
223,12,3925,3.34
223,13,4192,3.32
223,14,4516,3.45
223,15,4728,3.39
223,16,5104,3.41
223,17,5492,3.61
223,18,5916,3.77
223,19,5063,3.69
223,20,4623,3.71
223,21,4401,3.78
223,22,4612,3.99
223,23,4059,4.65
224,0,669,4.57
224,1,462,4.32
224,2,380,4.28
224,3,471,4.61
224,4,594,5.5
224,5,775,5.73
224,6,1280,4.97
224,7,1747,4.95
224,8,2530,5.78
224,9,2414,4.82
224,10,1907,4.11
224,11,1656,4.08
224,12,1572,4.27
224,13,1484,4.55
224,14,1392,4.75
224,15,1311,4.63
224,16,1429,4.77
224,17,1844,4.39
224,18,1941,4.54
224,19,1839,4.44
224,20,1436,4.31
224,21,1229,3.92
224,22,1389,4.51
224,23,1122,4.52
225,0,6307,4.49
225,1,4669,4.14
225,2,3585,4.64
225,3,3052,5.28
225,4,2788,6.71
225,5,3005,6.92
225,6,4010,7.0
225,7,5564,6.29
225,8,7118,6.54
225,9,6729,6.15
225,10,6258,5.24
225,11,6010,4.94
225,12,6066,5.29
225,13,6190,5.7
225,14,6283,5.31
225,15,6768,4.82
225,16,7194,4.47
225,17,7961,4.33
225,18,8519,4.35
225,19,8045,4.36
225,20,7871,4.37
225,21,7583,4.15
225,22,8095,4.41
225,23,7753,4.52
226,0,3196,4.76
226,1,2280,4.28
226,2,1747,4.46
226,3,1542,4.6
226,4,2112,5.39
226,5,2946,4.54
226,6,4079,4.24
226,7,4991,3.81
226,8,6247,3.83
226,9,6009,3.77
226,10,5331,3.71
226,11,5751,3.95
226,12,5713,4.15
226,13,5629,3.95
226,14,5980,3.96
226,15,6389,3.91
226,16,7066,3.86
226,17,7269,3.91
226,18,7162,4.14
226,19,6472,4.29
226,20,5741,4.21
226,21,5203,4.16
226,22,4817,4.41
226,23,4122,4.68
227,0,1560,4.41
227,1,1142,4.71
227,2,892,4.83
227,3,741,5.06
227,4,863,5.23
227,5,1095,4.99
227,6,1867,4.35
227,7,2384,3.94
227,8,2882,3.95
227,9,2835,3.83
227,10,2648,4.04
227,11,2411,4.2
227,12,2292,4.45
227,13,2462,4.51
227,14,2530,4.32
227,15,2530,4.14
227,16,2712,4.25
227,17,2823,4.34
227,18,2644,4.54
227,19,2272,4.42
227,20,2188,4.52
227,21,2129,4.58
227,22,2067,5.08
227,23,1787,5.17
228,0,3654,5.03
228,1,2393,4.95
228,2,1993,5.16
228,3,1648,5.73
228,4,1763,6.14
228,5,1750,4.86
228,6,2689,4.36
228,7,3454,4.2
228,8,4605,3.84
228,9,4117,3.79
228,10,3998,3.93
228,11,3877,4.04
228,12,4025,4.37
228,13,4334,4.41
228,14,4801,4.41
228,15,5433,4.21
228,16,6034,4.33
228,17,6590,4.4
228,18,6604,4.27
228,19,6133,4.52
228,20,5624,4.86
228,21,5148,5.23
228,22,5726,6.16
228,23,4347,5.46
229,0,2701,3.22
229,1,1929,3.16
229,2,1295,3.37
229,3,1102,3.52
229,4,1285,4.05
229,5,1660,4.14
229,6,2642,3.49
229,7,3855,3.34
229,8,5129,3.32
229,9,4471,3.22
229,10,4022,3.25
229,11,3823,3.3
229,12,3927,3.41
229,13,3940,3.4
229,14,3787,3.39
229,15,3675,3.39
229,16,3817,3.4
229,17,4882,3.47
229,18,5565,3.54
229,19,5782,3.44
229,20,5180,3.3
229,21,4981,3.17
229,22,4831,3.34
229,23,3741,3.39
230,0,9558,3.75
230,1,6710,3.43
230,2,4679,3.5
230,3,3979,3.72
230,4,3912,4.25
230,5,3360,3.99
230,6,3422,3.08
230,7,5181,2.89
230,8,7293,3.08
230,9,8471,3.18
230,10,8750,3.33
230,11,9211,3.65
230,12,7806,3.7
230,13,7713,3.64
230,14,7572,3.49
230,15,7463,3.39
230,16,9053,3.54
230,17,10422,3.77
230,18,10608,4.04
230,19,9956,3.5
230,20,11607,3.57
230,21,16097,4.27
230,22,16100,4.65
230,23,12139,4.15
231,0,5748,3.8
231,1,3865,3.53
231,2,2524,3.68
231,3,1769,3.68
231,4,1880,4.18
231,5,2286,4.3
231,6,3711,3.71
231,7,4868,3.29
231,8,6588,3.25
231,9,6684,3.05
231,10,6612,3.03
231,11,6979,3.13
231,12,7252,3.32
231,13,7649,3.44
231,14,7530,3.59
231,15,8034,3.54
231,16,8536,3.57
231,17,10200,3.84
231,18,11150,3.77
231,19,11261,3.36
231,20,10791,3.28
231,21,10469,3.39
231,22,10005,3.53
231,23,7888,3.82
232,0,2532,5.87
232,1,1977,5.44
232,2,1932,5.95
232,3,1445,5.47
232,4,1409,6.28
232,5,1557,5.76
232,6,2209,5.46
232,7,2980,5.54
232,8,3878,5.61
232,9,4174,4.68
232,10,3475,4.19
232,11,3118,4.19
232,12,3094,4.48
232,13,3115,4.72
232,14,3224,4.83
232,15,3069,4.81
232,16,3360,4.96
232,17,3575,4.79
232,18,4037,4.63
232,19,3955,4.46
232,20,4061,4.43
232,21,3684,4.32
232,22,3930,4.84
232,23,3404,5.19
233,0,1559,3.45
233,1,1059,3.42
233,2,664,3.5
233,3,634,3.82
233,4,1089,4.32
233,5,1651,4.09
233,6,2749,3.45
233,7,3997,3.32
233,8,5614,3.64
233,9,5045,3.4
233,10,4821,3.38
233,11,4457,3.57
233,12,4649,3.72
233,13,4659,3.89
233,14,4168,3.6
233,15,4164,3.55
233,16,4682,3.56
233,17,5676,3.75
233,18,6563,3.96
233,19,5766,3.77
233,20,5318,3.68
233,21,4413,3.47
233,22,4036,3.68
233,23,3087,3.87
234,0,7074,3.7
234,1,5210,3.88
234,2,3587,4.25
234,3,2353,4.6
234,4,1779,5.18
234,5,1565,4.28
234,6,2368,3.49
234,7,3537,3.11
234,8,5065,3.17
234,9,4914,2.92
234,10,5145,2.86
234,11,6295,3.01
234,12,6675,3.1
234,13,7439,3.2
234,14,7909,3.24
234,15,8438,3.26
234,16,9371,3.31
234,17,11345,3.53
234,18,11971,3.64
234,19,11569,3.14
234,20,12235,3.0
234,21,13078,3.29
234,22,11864,3.73
234,23,9375,3.85
235,0,2738,5.05
235,1,1918,5.2
235,2,1391,5.41
235,3,1175,5.78
235,4,1452,6.43
235,5,2074,5.45
235,6,3391,5.67
235,7,4989,5.72
235,8,5820,5.78
235,9,4931,4.93
235,10,4234,4.68
235,11,3817,4.64
235,12,3523,4.82
235,13,4059,5.52
235,14,4211,5.72
235,15,4317,5.52
235,16,4233,5.34
235,17,4378,5.63
235,18,4250,5.24
235,19,3974,5.42
235,20,3921,5.69
235,21,3590,5.34
235,22,3476,5.29
235,23,3355,5.53
236,0,1623,3.57
236,1,898,3.51
236,2,590,3.43
236,3,400,3.83
236,4,788,4.65
236,5,1589,4.83
236,6,2947,3.86
236,7,4175,3.33
236,8,5369,3.69
236,9,5320,3.47
236,10,4955,3.22
236,11,4711,3.29
236,12,5364,3.45
236,13,5436,3.6
236,14,5880,3.61
236,15,5915,3.48
236,16,5964,3.47
236,17,6488,3.75
236,18,6593,3.65
236,19,5469,3.53
236,20,4371,3.55
236,21,3843,3.52
236,22,3372,3.57
236,23,2516,3.78
237,0,2694,3.36
237,1,1564,3.23
237,2,818,3.28
237,3,539,3.56
237,4,638,3.85
237,5,1218,3.88
237,6,2239,3.13
237,7,3668,3.04
237,8,5062,3.16
237,9,5457,3.03
237,10,5521,2.94
237,11,6061,3.01
237,12,6377,3.23
237,13,6901,3.21
237,14,7228,3.24
237,15,7458,3.12
237,16,7691,3.08
237,17,8337,3.26
237,18,8733,3.37
237,19,7189,3.12
237,20,6524,3.12
237,21,6742,3.18
237,22,6303,3.35
237,23,4257,3.42
238,0,1792,3.86
238,1,1021,3.68
238,2,650,3.63
238,3,636,4.14
238,4,1009,4.38
238,5,1561,4.95
238,6,2810,4.34
238,7,3652,3.64
238,8,4935,4.03
238,9,5071,3.78
238,10,4468,3.3
238,11,4074,3.48
238,12,4187,3.76
238,13,4084,4.1
238,14,3916,3.82
238,15,4172,3.71
238,16,4128,3.86
238,17,4587,4.07
238,18,5034,4.15
238,19,4655,3.93
238,20,4026,3.93
238,21,3412,3.76
238,22,3061,3.77
238,23,2626,3.88
239,0,2770,3.69
239,1,1657,3.65
239,2,875,3.88
239,3,596,3.87
239,4,917,4.23
239,5,1617,4.86
239,6,2594,3.77
239,7,3957,3.41
239,8,5257,3.78
239,9,5415,3.61
239,10,4930,3.13
239,11,4785,3.21
239,12,4817,3.47
239,13,4973,3.62
239,14,4946,3.54
239,15,4996,3.49
239,16,4915,3.49
239,17,5844,3.81
239,18,6071,3.71
239,19,5086,3.49
239,20,4509,3.5
239,21,4645,3.5
239,22,4409,3.55
239,23,3773,3.98
240,0,815,5.37
240,1,517,5.72
240,2,374,5.64
240,3,272,6.5
240,4,209,6.86
240,5,162,6.37
240,6,387,6.13
240,7,601,5.58
240,8,762,5.58
240,9,637,5.13
240,10,552,4.66
240,11,577,4.65
240,12,577,5.1
240,13,662,5.53
240,14,700,5.52
240,15,728,5.3
240,16,830,4.77
240,17,930,5.24
240,18,913,4.92
240,19,879,4.92
240,20,982,5.83
240,21,735,5.73
240,22,798,6.03
240,23,852,5.7
241,0,2157,4.96
241,1,1441,4.9
241,2,1145,4.81
241,3,940,5.44
241,4,1148,5.63
241,5,1679,4.64
241,6,2809,4.7
241,7,4316,4.66
241,8,4963,4.65
241,9,4258,4.3
241,10,3357,4.14
241,11,2939,4.12
241,12,3029,4.34
241,13,3152,4.52
241,14,3273,4.54
241,15,3505,4.54
241,16,3152,4.31
241,17,3473,4.68
241,18,3517,4.67
241,19,3234,4.72
241,20,3086,5.18
241,21,2992,5.04
241,22,2993,5.11
241,23,2895,5.12
242,0,2136,5.44
242,1,1398,4.93
242,2,990,5.34
242,3,790,5.32
242,4,942,6.6
242,5,1568,5.09
242,6,1970,4.66
242,7,3114,4.2
242,8,3807,3.86
242,9,3794,3.48
242,10,4158,3.63
242,11,4226,3.74
242,12,4647,4.16
242,13,4230,3.96
242,14,4720,3.89
242,15,4879,3.74
242,16,4948,3.98
242,17,4662,4.21
242,18,4044,4.18
242,19,3561,4.39
242,20,3293,4.75
242,21,2740,4.72
242,22,2625,5.38
242,23,2789,6.09
243,0,3406,4.48
243,1,2902,4.39
243,2,2312,4.75
243,3,1877,5.52
243,4,1857,6.56
243,5,2199,5.03
243,6,3567,4.77
243,7,5172,4.35
243,8,6159,4.42
243,9,5835,4.31
243,10,4787,3.89
243,11,4463,4.07
243,12,4555,4.37
243,13,4641,4.71
243,14,4690,4.9
243,15,4802,4.68
243,16,4646,4.85
243,17,5352,5.35
243,18,5070,4.9
243,19,4807,4.76
243,20,4469,4.94
243,21,4358,4.63
243,22,4506,4.93
243,23,4325,4.89
244,0,4859,4.54
244,1,3083,4.25
244,2,2270,4.17
244,3,1744,4.7
244,4,2194,5.76
244,5,2898,4.84
244,6,4575,4.16
244,7,6682,4.08
244,8,7725,3.96
244,9,7207,3.83
244,10,6717,3.75
244,11,6435,3.92
244,12,6617,4.35
244,13,6490,4.62
244,14,6811,4.88
244,15,7717,4.79
244,16,7950,5.27
244,17,8137,5.56
244,18,7783,4.83
244,19,7727,4.35
244,20,6994,4.74
244,21,6362,4.41
244,22,6516,4.69
244,23,6432,5.06
245,0,424,6.79
245,1,278,6.48
245,2,222,7.57
245,3,157,7.95
245,4,208,8.87
245,5,348,7.97
245,6,478,6.64
245,7,624,5.57
245,8,779,5.49
245,9,844,5.03
245,10,738,4.44
245,11,765,4.73
245,12,771,4.9
245,13,838,5.09
245,14,822,5.02
245,15,944,4.91
245,16,1054,4.89
245,17,1017,5.19
245,18,792,5.16
245,19,727,4.92
245,20,692,5.43
245,21,577,5.45
245,22,524,5.99
245,23,553,6.29
246,0,5062,4.01
246,1,3558,3.94
246,2,3303,4.29
246,3,2966,4.84
246,4,1388,5.0
246,5,1517,4.3
246,6,2445,3.79
246,7,4153,3.3
246,8,6034,3.3
246,9,5768,3.11
246,10,5225,3.11
246,11,6012,3.21
246,12,6685,3.29
246,13,7284,3.46
246,14,7949,3.68
246,15,9019,3.73
246,16,10568,4.04
246,17,12635,4.3
246,18,12978,4.23
246,19,12003,3.83
246,20,12993,3.92
246,21,12926,4.56
246,22,9990,4.67
246,23,7115,4.48
247,0,4902,5.4
247,1,3075,4.68
247,2,1941,4.53
247,3,1378,4.8
247,4,1452,6.06
247,5,1753,5.36
247,6,2912,5.13
247,7,4422,4.85
247,8,5230,4.49
247,9,4450,4.05
247,10,4092,3.95
247,11,3935,4.18
247,12,4196,4.66
247,13,4428,5.12
247,14,5012,5.29
247,15,5661,5.51
247,16,6537,6.26
247,17,6860,6.27
247,18,6447,5.43
247,19,5878,5.42
247,20,5844,5.92
247,21,6681,5.98
247,22,8001,7.0
247,23,6027,5.81
248,0,1560,4.76
248,1,1149,4.7
248,2,864,4.78
248,3,727,4.89
248,4,936,5.95
248,5,1544,5.41
248,6,1903,5.7
248,7,2989,5.85
248,8,3162,5.28
248,9,2903,4.72
248,10,2353,4.18
248,11,2147,4.28
248,12,2002,4.29
248,13,2256,4.54
248,14,2301,4.47
248,15,2215,4.44
248,16,2139,4.08
248,17,2384,4.28
248,18,2294,4.24
248,19,2300,4.5
248,20,2130,4.76
248,21,2220,4.49
248,22,2192,5.0
248,23,2011,5.21
249,0,9523,4.38
249,1,7781,4.51
249,2,5750,4.75
249,3,3872,4.54
249,4,2480,4.87
249,5,1932,4.29
249,6,2728,4.0
249,7,3424,3.33
249,8,4366,3.34
249,9,4483,3.04
249,10,4001,2.9
249,11,3988,2.95
249,12,4479,3.01
249,13,4942,3.22
249,14,5181,3.35
249,15,5357,3.33
249,16,5515,3.34
249,17,6325,3.2
249,18,7957,3.16
249,19,8959,2.95
249,20,9815,2.86
249,21,11336,3.24
249,22,12116,3.87
249,23,11289,4.28
250,0,1497,5.07
250,1,1011,4.61
250,2,793,5.07
250,3,782,5.46
250,4,881,5.79
250,5,1161,5.33
250,6,1937,4.62
250,7,2640,4.6
250,8,3325,4.39
250,9,2895,4.15
250,10,2576,3.98
250,11,2415,3.87
250,12,2406,4.28
250,13,2594,4.28
250,14,2580,4.02
250,15,2720,4.01
250,16,2813,3.86
250,17,2989,3.98
250,18,2558,4.15
250,19,2279,4.44
250,20,2036,4.49
250,21,1884,4.51
250,22,2037,5.08
250,23,1898,5.47
251,0,431,5.86
251,1,302,5.74
251,2,197,6.86
251,3,168,6.53
251,4,210,7.18
251,5,288,7.55
251,6,443,6.27
251,7,662,4.86
251,8,857,4.71
251,9,916,4.54
251,10,832,4.34
251,11,806,4.31
251,12,834,4.8
251,13,869,4.63
251,14,940,4.86
251,15,944,4.77
251,16,1030,4.97
251,17,1105,5.06
251,18,981,4.84
251,19,807,4.6
251,20,699,5.09
251,21,652,5.3
251,22,617,5.63
251,23,493,6.58
252,0,534,6.62
252,1,344,6.42
252,2,286,6.05
252,3,275,6.68
252,4,414,6.47
252,5,638,6.08
252,6,901,5.41
252,7,1020,4.56
252,8,1465,4.84
252,9,1430,4.58
252,10,1241,4.62
252,11,1301,4.83
252,12,1257,4.68
252,13,1442,4.93
252,14,1462,5.12
252,15,1617,4.88
252,16,1648,4.93
252,17,1704,4.81
252,18,1574,5.23
252,19,1538,5.72
252,20,1346,5.76
252,21,1217,6.24
252,22,1013,6.69
252,23,843,6.5
253,0,84,13.27
253,1,72,25.65
253,2,21,6.82
253,3,7,5.93
253,4,9,4.6
253,5,30,3.87
253,6,59,3.47
253,7,23,3.9
253,8,53,4.15
253,9,65,3.98
253,10,54,4.59
253,11,54,5.2
253,12,78,5.45
253,13,83,4.62
253,14,91,4.23
253,15,101,3.93
253,16,107,4.65
253,17,85,5.43
253,18,78,5.78
253,19,64,5.45
253,20,52,5.49
253,21,53,7.4
253,22,97,8.22
253,23,122,7.97
254,0,3076,5.28
254,1,2032,5.3
254,2,1478,5.88
254,3,1186,5.89
254,4,1387,7.0
254,5,2098,6.57
254,6,3654,6.6
254,7,5472,6.06
254,8,6116,6.22
254,9,5621,5.45
254,10,5012,4.96
254,11,4435,4.7
254,12,4444,4.64
254,13,4838,5.11
254,14,5457,5.06
254,15,5381,4.72
254,16,4957,4.34
254,17,5101,4.48
254,18,5243,4.73
254,19,4709,4.76
254,20,4250,5.01
254,21,4129,5.03
254,22,4227,5.84
254,23,4224,5.66
255,0,10482,5.43
255,1,8380,5.53
255,2,5998,5.85
255,3,4083,6.23
255,4,2776,6.22
255,5,2300,4.33
255,6,2939,4.17
255,7,3416,3.88
255,8,4497,4.25
255,9,5298,3.8
255,10,5351,3.18
255,11,5558,2.97
255,12,6247,3.08
255,13,6625,3.23
255,14,7264,3.39
255,15,7808,3.36
255,16,8792,3.35
255,17,10107,3.42
255,18,11645,3.52
255,19,11694,3.26
255,20,11673,3.16
255,21,11918,3.24
255,22,13198,4.14
255,23,12714,4.85
256,0,7816,4.76
256,1,6591,4.69
256,2,5095,5.2
256,3,3638,5.85
256,4,2943,6.42
256,5,2606,5.08
256,6,3262,5.2
256,7,4042,4.85
256,8,5175,5.24
256,9,5672,4.4
256,10,5780,3.71
256,11,5422,3.56
256,12,5540,3.67
256,13,5649,3.82
256,14,5866,3.89
256,15,6112,3.85
256,16,6715,3.8
256,17,7938,3.86
256,18,9099,3.77
256,19,9358,3.61
256,20,8917,3.38
256,21,9404,3.43
256,22,10470,3.96
256,23,9092,4.47
257,0,755,4.23
257,1,450,4.03
257,2,309,4.31
257,3,191,4.75
257,4,281,4.69
257,5,557,4.41
257,6,778,4.18
257,7,1108,4.06
257,8,1656,4.14
257,9,1616,3.68
257,10,1490,3.75
257,11,1430,3.64
257,12,1324,3.73
257,13,1308,3.93
257,14,1419,3.72
257,15,1317,3.59
257,16,1362,3.47
257,17,1636,3.68
257,18,1646,3.76
257,19,1484,3.74
257,20,1340,3.82
257,21,1233,3.8
257,22,1247,4.28
257,23,1010,4.26
258,0,1659,5.43
258,1,1207,5.41
258,2,1041,5.46
258,3,962,5.6
258,4,1431,6.17
258,5,2116,5.38
258,6,2767,4.76
258,7,3643,4.91
258,8,3989,4.82
258,9,3706,4.41
258,10,3063,4.37
258,11,2951,4.35
258,12,2727,4.3
258,13,3058,4.48
258,14,3038,4.32
258,15,3023,4.2
258,16,3016,4.31
258,17,3081,4.31
258,18,3074,4.36
258,19,2968,4.44
258,20,2821,4.46
258,21,2603,4.65
258,22,2315,5.27
258,23,2056,5.32
259,0,2092,5.95
259,1,1498,6.17
259,2,1163,6.68
259,3,932,7.1
259,4,1154,7.87
259,5,1689,6.8
259,6,2954,6.68
259,7,3861,6.06
259,8,4586,6.18
259,9,4240,5.8
259,10,3599,5.31
259,11,3177,5.05
259,12,3171,5.11
259,13,3276,5.3
259,14,3502,5.44
259,15,3447,5.12
259,16,3373,4.96
259,17,3795,5.02
259,18,3521,5.09
259,19,3060,5.29
259,20,2705,5.59
259,21,2642,5.89
259,22,2715,6.65
259,23,2678,6.25
260,0,3054,4.56
260,1,2417,4.01
260,2,1880,4.12
260,3,1822,4.54
260,4,2365,5.15
260,5,2504,4.08
260,6,3404,3.59
260,7,3884,3.64
260,8,4574,3.56
260,9,4252,3.51
260,10,4180,3.45
260,11,3822,3.54
260,12,3673,3.71
260,13,3829,3.64
260,14,3994,3.52
260,15,4324,3.42
260,16,4364,3.49
260,17,4838,3.51
260,18,5217,3.91
260,19,4728,4.04
260,20,4528,4.13
260,21,4108,3.95
260,22,4128,4.31
260,23,3824,4.58
261,0,1966,4.23
261,1,1256,4.09
261,2,709,4.21
261,3,519,4.28
261,4,638,4.85
261,5,867,4.81
261,6,1294,3.94
261,7,1552,3.82
261,8,2433,3.67
261,9,2022,3.33
261,10,2303,3.34
261,11,2736,3.57
261,12,2843,3.69
261,13,3192,4.01
261,14,3391,3.88
261,15,3660,3.98
261,16,3751,4.17
261,17,4343,4.87
261,18,4261,4.77
261,19,3787,4.07
261,20,4254,3.78
261,21,3673,3.83
261,22,3022,4.14
261,23,2657,4.21
262,0,968,3.86
262,1,567,3.96
262,2,378,3.99
262,3,377,4.3
262,4,728,4.67
262,5,1194,4.79
262,6,2514,4.2
262,7,3345,3.83
262,8,4168,4.92
262,9,3999,4.56
262,10,3152,3.76
262,11,2782,3.76
262,12,2685,4.02
262,13,2630,4.1
262,14,2384,4.09
262,15,2430,3.86
262,16,2629,3.94
262,17,3126,4.16
262,18,3554,4.14
262,19,2903,4.12
262,20,2240,4.03
262,21,1983,3.79
262,22,1814,3.96
262,23,1402,4.11
263,0,2630,3.35
263,1,1890,3.21
263,2,1296,3.5
263,3,1110,3.87
263,4,1385,4.48
263,5,2154,5.12
263,6,3666,4.3
263,7,4412,3.79
263,8,5026,4.39
263,9,4967,4.08
263,10,4021,3.52
263,11,3738,3.76
263,12,3692,3.86
263,13,3710,4.17
263,14,3679,3.98
263,15,3780,3.84
263,16,3933,3.84
263,17,4490,3.92
263,18,5252,3.88
263,19,4846,3.74
263,20,4048,3.67
263,21,3992,3.41
263,22,3958,3.42
263,23,3314,3.58
265,0,17,11.01
265,1,16,6.28
265,2,11,11.37
265,3,11,10.72
265,4,11,8.38
265,5,5,13.95
265,6,30,7.6
265,7,37,6.57
265,8,36,7.05
265,9,36,6.78
265,10,24,5.82
265,11,44,6.23
265,12,57,6.91
265,13,54,6.87
265,14,78,7.26
265,15,92,7.77
265,16,62,6.77
265,17,73,8.3
265,18,115,7.38
265,19,46,7.87
265,20,58,8.94
265,21,31,8.77
265,22,34,8.4
265,23,27,9.98
